-- MySQL dump 10.13  Distrib 5.7.33, for Linux (x86_64)
--
-- Host: 176.58.117.196    Database: giftube
-- ------------------------------------------------------
-- Server version	5.7.33-0ubuntu0.16.04.1

/*!40101 SET @OLD_CHARACTER_SET_CLIENT=@@CHARACTER_SET_CLIENT */;
/*!40101 SET @OLD_CHARACTER_SET_RESULTS=@@CHARACTER_SET_RESULTS */;
/*!40101 SET @OLD_COLLATION_CONNECTION=@@COLLATION_CONNECTION */;
/*!40101 SET NAMES utf8 */;
/*!40103 SET @OLD_TIME_ZONE=@@TIME_ZONE */;
/*!40103 SET TIME_ZONE='+00:00' */;
/*!40014 SET @OLD_UNIQUE_CHECKS=@@UNIQUE_CHECKS, UNIQUE_CHECKS=0 */;
/*!40014 SET @OLD_FOREIGN_KEY_CHECKS=@@FOREIGN_KEY_CHECKS, FOREIGN_KEY_CHECKS=0 */;
/*!40101 SET @OLD_SQL_MODE=@@SQL_MODE, SQL_MODE='NO_AUTO_VALUE_ON_ZERO' */;
/*!40111 SET @OLD_SQL_NOTES=@@SQL_NOTES, SQL_NOTES=0 */;

--
-- Table structure for table `categories`
--

DROP TABLE IF EXISTS `categories`;
/*!40101 SET @saved_cs_client     = @@character_set_client */;
/*!40101 SET character_set_client = utf8 */;
CREATE TABLE `categories` (
  `id` int(11) unsigned NOT NULL AUTO_INCREMENT,
  `name` char(255) NOT NULL,
  PRIMARY KEY (`id`),
  UNIQUE KEY `name` (`name`)
) ENGINE=InnoDB AUTO_INCREMENT=9 DEFAULT CHARSET=utf8;
/*!40101 SET character_set_client = @saved_cs_client */;

--
-- Dumping data for table `categories`
--

LOCK TABLES `categories` WRITE;
/*!40000 ALTER TABLE `categories` DISABLE KEYS */;
INSERT INTO `categories` VALUES (4,'Видеоигры'),(2,'Животные'),(8,'Люди'),(6,'Наука'),(5,'Приколы'),(3,'Спорт'),(7,'Фейлы'),(1,'Фильмы и анимация');
/*!40000 ALTER TABLE `categories` ENABLE KEYS */;
UNLOCK TABLES;

--
-- Table structure for table `comments`
--

DROP TABLE IF EXISTS `comments`;
/*!40101 SET @saved_cs_client     = @@character_set_client */;
/*!40101 SET character_set_client = utf8 */;
CREATE TABLE `comments` (
  `id` int(11) unsigned NOT NULL AUTO_INCREMENT,
  `dt_add` datetime NOT NULL,
  `user_id` int(11) unsigned NOT NULL,
  `gif_id` int(11) unsigned NOT NULL,
  `content` text NOT NULL,
  PRIMARY KEY (`id`),
  KEY `user_id` (`user_id`),
  KEY `gif_id` (`gif_id`),
  CONSTRAINT `comments_ibfk_1` FOREIGN KEY (`user_id`) REFERENCES `users` (`id`) ON DELETE CASCADE ON UPDATE CASCADE,
  CONSTRAINT `comments_ibfk_2` FOREIGN KEY (`gif_id`) REFERENCES `gifs` (`id`) ON DELETE CASCADE ON UPDATE CASCADE
) ENGINE=InnoDB AUTO_INCREMENT=103 DEFAULT CHARSET=utf8;
/*!40101 SET character_set_client = @saved_cs_client */;

--
-- Dumping data for table `comments`
--

LOCK TABLES `comments` WRITE;
/*!40000 ALTER TABLE `comments` DISABLE KEYS */;
INSERT INTO `comments` VALUES (1,'2017-03-29 16:33:27',1,9,'Тестовый комментарий'),(2,'2017-04-01 17:07:49',3,11,'Да я также могу '),(3,'2017-04-06 16:08:20',6,15,'Это комментарий, с помощью которого я проверяю, работают ли в рамках этого сервиса комментарии. '),(4,'2017-04-06 16:09:50',6,15,'Так это что же получается - можно стать фуллстэк-разработчиком?\r\nАкадемия, я вас люблю.'),(5,'2017-04-11 19:23:54',12,14,'круто'),(6,'2017-04-11 19:24:11',12,14,'проверка'),(7,'2017-04-13 21:18:05',13,11,'И я\r\n'),(8,'2017-05-15 16:24:58',27,6,'dsgsdfgdfgsdfg'),(9,'2017-05-15 16:25:03',27,6,'asdfasdfasdf'),(10,'2017-05-15 16:25:37',27,6,'<?php echo \"test commetn\"; ?>'),(11,'2017-05-30 06:23:35',32,11,'234'),(12,'2017-06-16 09:28:49',35,15,'Прикольный :)'),(13,'2017-07-13 18:50:12',39,16,'кекс'),(14,'2017-08-28 13:23:21',48,11,'hi'),(15,'2017-09-11 16:44:40',55,16,'Пекс\r\n'),(17,'2017-10-08 07:04:24',53,4,'крутой контент!'),(18,'2017-10-17 18:44:39',63,26,'ooo'),(19,'2017-10-19 14:06:03',53,16,'шмекс'),(20,'2017-10-31 16:20:52',68,11,'zxcasd'),(21,'2017-11-18 17:46:07',75,26,'textarea растягиваясь ломает верстку'),(22,'2017-12-01 20:45:48',79,22,'Коммент'),(23,'2017-12-01 21:59:26',80,27,'Cool gif'),(24,'2017-12-06 10:03:13',85,26,'Ffffffff gggggggggFfffffff gggggggggFfffffff gggggggggFfffffff gggggggggFfffffff gggggggggFfffffff Ffffffff ggggggggg Ffffffff ggggggggg'),(26,'2017-12-24 02:15:44',90,7,'Жестко\r\n'),(27,'2017-12-24 02:16:11',90,8,')))\r\n'),(28,'2017-12-24 02:17:21',90,12,'С такой скоростью бы код писать)'),(29,'2018-01-11 18:07:52',93,15,'ччч'),(30,'2018-01-15 17:57:02',97,4,'по кайфу'),(31,'2018-02-09 12:29:47',98,16,'eeeeeeeee'),(32,'2018-02-09 12:30:35',98,20,'eeeeeeee'),(33,'2018-02-10 11:13:50',99,9,'g\r\n'),(34,'2018-03-13 15:28:36',111,31,'ddd'),(35,'2018-03-18 03:09:49',112,16,'Рыжая красотка'),(36,'2018-04-01 11:01:13',116,16,'Оооо даааа деткаааа, хочу понюхать ее трусики :3'),(37,'2018-05-05 00:34:24',35,4,'class'),(38,'2018-05-26 17:57:35',140,16,'оооо классс\r\n'),(39,'2018-06-05 09:30:05',132,12,'Гор Нехватка Мирозд'),(40,'2018-06-28 14:51:17',145,11,'top'),(41,'2018-06-29 01:40:45',148,12,'Перед дедлайном '),(42,'2018-07-03 12:10:42',145,28,'interesting'),(43,'2018-07-26 21:04:20',153,16,'Круто сделано'),(44,'2018-08-15 14:33:49',155,4,'fcg'),(45,'2018-08-18 20:07:00',146,12,'Хе хе'),(46,'2018-08-23 23:39:08',157,26,'@aa , Проблемы верстки, - это проблемы верстки.'),(47,'2018-09-14 21:10:20',166,16,'xuy\r\n'),(48,'2018-09-15 21:19:58',167,12,'meow meow meow'),(49,'2018-09-18 05:36:54',168,5,'Teahsbhx'),(50,'2018-09-20 14:41:09',169,16,'qwe'),(51,'2018-09-20 14:41:25',169,25,'qwe'),(52,'2018-09-25 18:59:43',170,16,'Я пришёл'),(53,'2018-09-25 18:59:54',170,16,'И ушёл'),(54,'2018-10-12 15:18:44',176,13,' '),(55,'2018-10-12 15:19:46',176,13,'\r\n'),(56,'2018-10-12 15:20:54',176,13,'\'); DELETE FROM users;'),(57,'2018-10-12 15:21:29',176,13,'I\'m just loving this website'),(58,'2018-10-25 00:23:19',179,11,'оч норм\r\n'),(59,'2018-12-12 17:47:38',191,16,'Дайте эмоджи!'),(60,'2018-12-12 17:49:00',191,22,'У меня такая же вредная кошка)'),(61,'2018-12-12 17:50:40',191,3,'first (='),(62,'2018-12-25 00:11:54',193,32,'Круто!'),(63,'2018-12-27 15:59:02',194,12,'норм'),(64,'2019-01-01 12:17:15',55,15,'ку'),(65,'2019-01-10 18:46:16',195,16,'uukj'),(66,'2019-01-24 18:20:31',203,16,'йоу'),(67,'2019-01-24 18:22:07',203,33,'ок'),(68,'2019-02-12 21:03:23',214,34,'Я загрузил не рыжую белку'),(69,'2019-02-12 21:03:36',214,34,'Я написал второй коммент'),(70,'2019-02-18 16:17:27',218,13,'i\'m fine'),(71,'2019-02-18 16:32:26',218,20,'так-то жесть)'),(72,'2019-03-02 19:54:33',225,12,'abcdabcd'),(73,'2019-03-15 10:26:11',228,14,'Проверка коммента'),(74,'2019-04-13 21:49:24',240,12,'Мда'),(75,'2019-04-16 10:25:44',241,11,'9'),(76,'2019-04-25 11:35:16',240,12,'У меня такой кот)'),(77,'2019-05-09 10:12:28',296,16,'a)'),(78,'2019-05-09 10:12:42',296,16,'a('),(79,'2019-06-03 22:23:23',434,12,'Это я, когда надо быстро сверстать сайт)'),(80,'2019-06-17 20:54:08',447,34,'БЛА'),(81,'2019-06-22 11:54:06',448,11,'rhello'),(82,'2019-07-18 12:13:16',461,37,'123'),(83,'2019-08-03 23:04:16',465,16,'ggg'),(84,'2019-08-16 08:09:32',479,16,'789898\r\n'),(85,'2019-09-14 17:03:38',483,13,'123'),(86,'2019-09-18 20:45:37',486,29,'cool'),(87,'2019-09-19 10:47:13',487,16,'Круто!'),(88,'2019-10-03 13:00:16',490,3,'2'),(89,'2020-01-11 14:56:46',503,11,'dfgdfg'),(90,'2020-02-08 17:50:27',517,16,'Не правильно лайки считаеются, если много раз накликать то меняется хаотично, у меня был разброс от 28 до 42'),(91,'2020-02-08 17:52:51',517,4,'-8 лайков запилил'),(92,'2020-03-30 12:44:12',529,16,'аываыва'),(93,'2020-05-19 01:18:11',537,4,'hhhhh'),(94,'2020-06-11 16:03:07',541,16,'Тест'),(95,'2020-06-22 13:08:49',542,16,'fuck\r\n'),(96,'2020-08-17 11:11:03',550,11,'моча съела говно\r\n'),(97,'2020-11-01 09:18:48',562,16,'Vhjjjk'),(98,'2021-01-11 14:14:29',575,40,'Просто девочка с сердечками! для теста сайта: \r\nпо вопросам Пишите в telegram: https://t.me/joinchat/GYpkYxn4Ic-QqrjC'),(99,'2021-04-15 23:13:32',592,16,'классно'),(100,'2021-06-09 15:54:31',614,35,'test'),(101,'2021-06-09 15:54:35',614,35,'test'),(102,'2021-06-09 15:54:41',614,35,'test');
/*!40000 ALTER TABLE `comments` ENABLE KEYS */;
UNLOCK TABLES;

--
-- Table structure for table `gifs`
--

DROP TABLE IF EXISTS `gifs`;
/*!40101 SET @saved_cs_client     = @@character_set_client */;
/*!40101 SET character_set_client = utf8 */;
CREATE TABLE `gifs` (
  `id` int(11) unsigned NOT NULL AUTO_INCREMENT,
  `category_id` int(11) unsigned NOT NULL,
  `user_id` int(11) unsigned NOT NULL,
  `dt_add` datetime NOT NULL,
  `show_count` int(11) unsigned NOT NULL DEFAULT '0',
  `like_count` int(11) NOT NULL DEFAULT '0',
  `fav_count` int(11) NOT NULL DEFAULT '0',
  `title` char(255) NOT NULL,
  `description` text,
  `path` char(255) NOT NULL,
  PRIMARY KEY (`id`),
  KEY `category_id` (`category_id`),
  KEY `user_id` (`user_id`),
  CONSTRAINT `gifs_ibfk_1` FOREIGN KEY (`category_id`) REFERENCES `categories` (`id`) ON DELETE CASCADE ON UPDATE CASCADE,
  CONSTRAINT `gifs_ibfk_2` FOREIGN KEY (`user_id`) REFERENCES `users` (`id`) ON DELETE CASCADE ON UPDATE CASCADE
) ENGINE=InnoDB AUTO_INCREMENT=41 DEFAULT CHARSET=utf8;
/*!40101 SET character_set_client = @saved_cs_client */;

--
-- Dumping data for table `gifs`
--

LOCK TABLES `gifs` WRITE;
/*!40000 ALTER TABLE `gifs` DISABLE KEYS */;
INSERT INTO `gifs` VALUES (2,5,1,'2017-03-29 16:00:58',4721,16,1,'Конец рабочего дня','Когда хорошо поработал','gif58dbda3a4313d.gif'),(3,2,1,'2017-03-29 16:15:43',4811,6,3,'Учим новичка решать задачи','Тяжело в учении, легко в бою','gif58dbddaf5ce7e.gif'),(4,8,1,'2017-03-29 16:19:13',5347,-6,5,'Когда любишь порядок','Все вещи должны быть на своем месте','gif58dbde81b4a8b.gif'),(5,8,1,'2017-03-29 16:22:10',4460,3,1,'Премии на моей бывшей работе','Горькая правда','gif58dbdf3251fcf.gif'),(6,8,1,'2017-03-29 16:24:32',1969,2,1,'Отличные витаминки','Бодрят не по детски','gif58dbdfc01c1a4.gif'),(7,7,1,'2017-03-29 16:25:53',2149,1,1,'Командная работа','Когда попросил коллег помочь исправить баг','gif58dbe01159218.gif'),(8,7,1,'2017-03-29 16:28:19',1822,2,0,'Рыбак','Новая техника рыбалки','gif58dbe0a3bef37.gif'),(9,1,1,'2017-03-29 16:32:56',1875,3,1,'Восторг','Когда видишь своего кумира','gif58dbe1b8426e5.gif'),(10,2,1,'2017-03-29 16:35:28',2543,1,1,'Доминирование','Когда показываешь новичку как ты используешь любимый фреймворк','gif58dbe2501a265.gif'),(11,4,1,'2017-03-29 16:37:21',7555,19,14,'Unstoppable','Мастер дигла 80 лвл','gif58dbe2c14330a.gif'),(12,2,1,'2017-03-29 16:38:21',5704,12,10,'Типичный юзер','В интернете никто не знает что ты - кот','gif58dbe2fd97ceb.gif'),(13,4,1,'2017-03-29 16:40:18',3048,6,4,'Battlefield 1','Когда лучше подождать','gif58dbe37205fd3.gif'),(14,6,1,'2017-03-29 16:41:54',5410,4,2,'Science, bitch','У этого учителя не хочется прогуливать уроки химии','gif58dbe3d2edd03.gif'),(15,1,1,'2017-03-29 16:43:01',3794,4,4,'Енотик','Енотик бежит записываться на курсы htmlacademy','gif58dbe4151ca72.gif'),(16,8,1,'2017-03-29 16:44:00',11320,52,17,'Рыжая','У рыжих нет души','gif58dbe4506f446.gif'),(17,3,1,'2017-03-29 16:46:18',1845,3,0,'Жестокий спорт','Это футбол, здесь можно и по лицу получить','gif58dbe4da0dcb8.gif'),(20,5,17,'2017-04-19 18:52:40',1991,4,0,'Колесо опаздывает на встречу','Когда нажал тревожную кнопку под столом, а магазин под охраной автоботов.','gif58f7b1f852ae7.gif'),(21,2,18,'2017-04-19 20:28:02',1931,2,2,'Твоя девушка, когда слышит комплимент','Чихуа','gif58f7c85275d79.gif'),(22,2,18,'2017-04-19 20:32:15',2314,3,4,'Кот-ненависть','котяра','gif58f7c94fe1902.gif'),(24,6,3,'2017-07-04 16:44:13',1874,4,2,'Треуголик','Красиво вертится','gif595bc5ddadf65.gif'),(25,8,35,'2017-10-13 12:19:37',1177,0,0,'Во все тяжкие','Короткое описание','gif59e0af59ef743.gif'),(26,2,63,'2017-10-17 18:44:10',1374,3,0,'fff','ccc','gif59e64f7a49911.gif'),(27,2,80,'2017-12-01 21:58:26',1182,1,1,'Nemo','Movie','gif5a21a652cf033.gif'),(28,2,88,'2017-12-09 12:18:14',818,0,0,'T','B','gif5a2baa56dcbe5.'),(29,1,94,'2018-01-14 01:47:32',1187,2,3,'Em','Eminem - Without me','gif5a5a8c84a41ed.gif'),(30,2,105,'2018-03-07 22:15:14',776,0,1,'Животное','Животное','gif5aa03a4203cfb.'),(31,6,111,'2018-03-13 15:28:00',748,1,0,'ddd','ddd','gif5aa7c3d050e73.'),(32,2,145,'2018-06-25 12:00:48',926,3,1,'Tom','Том','gif5b30af40e58d7.gif'),(33,4,203,'2019-01-24 18:21:47',657,1,0,'хах','хах','gif5c49d80be2697.'),(34,2,214,'2019-02-12 21:03:01',713,1,1,'Рыжая','Белка, совсем не рыжая','gif5c630a559c701.gif'),(35,6,220,'2019-02-21 17:40:59',549,0,0,'Название','Краткое описание','gif5c6eb87b6402c.'),(36,2,234,'2019-03-27 13:38:22',744,1,1,'Пингвины','Весёлые пингвины','gif5c9b529e85e4f.gif'),(37,2,461,'2019-07-18 12:12:59',575,0,0,'php','rfhnbyrf','gif5d30381b9b402.'),(38,1,495,'2019-10-11 14:30:58',524,0,0,'avocado','heh','gif5da067f2dffd0.'),(39,4,524,'2020-02-29 11:56:58',452,0,0,'123','123','gif5e5a275ad9623.'),(40,8,575,'2021-01-11 14:08:42',164,1,1,'Девочка','Девочка с сердечками','gif5ffc31baa9cb2.gif');
/*!40000 ALTER TABLE `gifs` ENABLE KEYS */;
UNLOCK TABLES;

--
-- Table structure for table `gifs_fav`
--

DROP TABLE IF EXISTS `gifs_fav`;
/*!40101 SET @saved_cs_client     = @@character_set_client */;
/*!40101 SET character_set_client = utf8 */;
CREATE TABLE `gifs_fav` (
  `id` int(11) unsigned NOT NULL AUTO_INCREMENT,
  `user_id` int(11) unsigned NOT NULL,
  `gif_id` int(11) unsigned NOT NULL,
  PRIMARY KEY (`id`),
  UNIQUE KEY `user_id_2` (`user_id`,`gif_id`),
  KEY `user_id` (`user_id`),
  KEY `gif_id` (`gif_id`),
  CONSTRAINT `gifs_fav_ibfk_1` FOREIGN KEY (`user_id`) REFERENCES `users` (`id`) ON DELETE CASCADE ON UPDATE CASCADE,
  CONSTRAINT `gifs_fav_ibfk_2` FOREIGN KEY (`gif_id`) REFERENCES `gifs` (`id`) ON DELETE CASCADE ON UPDATE CASCADE
) ENGINE=InnoDB AUTO_INCREMENT=135 DEFAULT CHARSET=utf8;
/*!40101 SET character_set_client = @saved_cs_client */;

--
-- Dumping data for table `gifs_fav`
--

LOCK TABLES `gifs_fav` WRITE;
/*!40000 ALTER TABLE `gifs_fav` DISABLE KEYS */;
INSERT INTO `gifs_fav` VALUES (1,1,3),(2,1,12),(19,3,4),(3,3,11),(20,3,24),(4,6,15),(6,12,14),(7,13,11),(8,13,14),(16,13,16),(46,17,9),(10,17,15),(26,17,22),(75,17,29),(13,27,6),(14,28,16),(66,35,4),(28,35,16),(21,43,3),(22,52,16),(30,53,12),(44,53,16),(82,55,15),(23,55,16),(25,55,24),(42,68,11),(43,68,16),(45,75,10),(47,78,5),(48,79,22),(49,80,27),(50,85,21),(52,95,4),(51,95,16),(55,97,16),(57,98,3),(56,98,16),(59,102,4),(58,102,12),(60,104,16),(61,105,30),(62,111,11),(63,116,16),(64,131,13),(67,144,2),(71,146,12),(69,148,12),(72,173,15),(73,179,11),(76,179,13),(74,182,29),(77,191,16),(78,193,32),(79,194,11),(81,194,12),(91,214,16),(92,214,34),(93,218,7),(94,220,12),(95,223,16),(96,224,21),(100,238,12),(101,240,12),(102,434,12),(103,434,22),(104,448,11),(105,465,16),(107,483,13),(112,484,11),(111,486,29),(113,489,11),(114,490,11),(115,515,11),(119,517,16),(118,520,22),(121,529,16),(122,531,11),(123,531,13),(124,535,16),(126,542,16),(127,547,16),(128,558,16),(129,562,16),(130,567,36),(132,575,4),(131,575,40),(134,588,16);
/*!40000 ALTER TABLE `gifs_fav` ENABLE KEYS */;
UNLOCK TABLES;

--
-- Table structure for table `gifs_like`
--

DROP TABLE IF EXISTS `gifs_like`;
/*!40101 SET @saved_cs_client     = @@character_set_client */;
/*!40101 SET character_set_client = utf8 */;
CREATE TABLE `gifs_like` (
  `id` int(11) unsigned NOT NULL AUTO_INCREMENT,
  `user_id` int(11) unsigned NOT NULL,
  `gif_id` int(11) unsigned NOT NULL,
  PRIMARY KEY (`id`),
  UNIQUE KEY `user_id_2` (`user_id`,`gif_id`),
  KEY `user_id` (`user_id`),
  KEY `gif_id` (`gif_id`),
  CONSTRAINT `gifs_like_ibfk_1` FOREIGN KEY (`user_id`) REFERENCES `users` (`id`) ON DELETE CASCADE ON UPDATE CASCADE,
  CONSTRAINT `gifs_like_ibfk_2` FOREIGN KEY (`gif_id`) REFERENCES `gifs` (`id`) ON DELETE CASCADE ON UPDATE CASCADE
) ENGINE=InnoDB AUTO_INCREMENT=412 DEFAULT CHARSET=utf8;
/*!40101 SET character_set_client = @saved_cs_client */;

--
-- Dumping data for table `gifs_like`
--

LOCK TABLES `gifs_like` WRITE;
/*!40000 ALTER TABLE `gifs_like` DISABLE KEYS */;
INSERT INTO `gifs_like` VALUES (1,1,2),(100,2,16),(24,3,5),(26,3,16),(28,3,24),(2,6,11),(7,12,14),(4,12,16),(12,13,3),(9,13,11),(10,13,12),(13,13,14),(11,13,17),(15,14,11),(102,17,11),(99,17,15),(101,17,16),(16,17,20),(31,17,24),(134,17,29),(17,18,21),(20,27,6),(21,29,14),(45,35,6),(39,35,16),(27,39,16),(29,43,11),(30,46,16),(32,52,16),(38,53,4),(47,53,12),(59,53,16),(49,55,2),(34,55,9),(71,55,13),(35,55,15),(171,55,16),(37,55,24),(36,56,16),(43,61,3),(40,61,11),(41,61,14),(42,61,24),(46,63,26),(56,68,11),(57,68,16),(60,75,26),(64,79,22),(65,80,27),(66,85,21),(68,90,5),(69,90,8),(70,90,12),(67,90,16),(72,94,29),(76,95,4),(74,95,16),(79,96,11),(80,97,16),(83,98,3),(82,98,16),(84,99,9),(86,102,4),(85,102,12),(87,104,16),(91,111,11),(92,111,31),(93,112,16),(94,112,20),(97,114,11),(98,116,16),(103,119,16),(104,131,13),(106,144,2),(109,144,16),(110,145,12),(116,146,12),(111,146,16),(112,148,12),(113,153,16),(114,156,17),(117,157,26),(121,170,16),(122,172,22),(123,173,15),(126,179,11),(127,185,3),(129,187,5),(133,187,8),(128,187,15),(137,191,3),(138,191,9),(136,191,11),(135,191,16),(139,193,32),(140,194,12),(142,195,16),(144,203,16),(146,203,20),(143,203,32),(145,203,33),(147,205,16),(150,214,16),(151,214,34),(153,218,7),(152,218,13),(154,220,3),(155,223,16),(156,225,20),(160,238,12),(331,240,12),(332,240,13),(163,241,11),(164,296,16),(168,434,12),(169,448,11),(172,465,16),(173,465,17),(175,483,13),(180,487,16),(181,489,11),(200,503,16),(208,503,32),(182,507,16),(213,515,11),(307,517,16),(299,520,10),(300,520,22),(328,529,16),(333,531,11),(334,531,13),(395,537,2),(336,537,4),(397,547,16),(401,558,16),(403,562,11),(402,562,16),(406,567,36),(408,575,4),(407,575,40),(409,588,16),(410,592,16),(411,624,12);
/*!40000 ALTER TABLE `gifs_like` ENABLE KEYS */;
UNLOCK TABLES;

--
-- Table structure for table `users`
--

DROP TABLE IF EXISTS `users`;
/*!40101 SET @saved_cs_client     = @@character_set_client */;
/*!40101 SET character_set_client = utf8 */;
CREATE TABLE `users` (
  `id` int(11) unsigned NOT NULL AUTO_INCREMENT,
  `dt_add` datetime NOT NULL,
  `email` char(255) NOT NULL,
  `name` char(255) NOT NULL,
  `password` char(64) NOT NULL,
  `avatar_path` char(255) DEFAULT NULL,
  `token` char(32) NOT NULL,
  PRIMARY KEY (`id`),
  UNIQUE KEY `email` (`email`)
) ENGINE=InnoDB AUTO_INCREMENT=633 DEFAULT CHARSET=utf8;
/*!40101 SET character_set_client = @saved_cs_client */;

--
-- Dumping data for table `users`
--

LOCK TABLES `users` WRITE;
/*!40000 ALTER TABLE `users` DISABLE KEYS */;
INSERT INTO `users` VALUES (1,'2017-03-29 15:56:39','sks89@mail.ru','frexin','$2y$10$ZjU6ojx3fZmM84Ztzpoj../40Eu72X/ZGbt/ofN/5Eujriw1M6vwO','avatar58dbd9371dab6.png','9e5914a3afc60dc557b15b6dd10cc45b'),(2,'2017-03-29 17:37:49','vlasenko@htmlacademy.ru','V','$2y$10$ZyFMKJ/vUuTlKn22QnQFPeA9FTHBrBo1TjiV/uvkckeg1hmn.dUZS','avatar58dbf0ed64957.png','00949ff525745c3d2882898da3637f86'),(3,'2017-04-01 17:06:50','dkakharov@yandex.ru','123456','$2y$10$vh3iS7nwclJDpK/lzCT62O5D2UxiqylkjFDSqBHXJcNJNH.xgxc3.','avatar58dfde2a77eba.png','c8d55e50036de53783691700f174f85f'),(4,'2017-04-04 08:26:24','test@test.ru','test','$2y$10$gjRYY91gqH5VZFXBMREA0ukRaccXfXkA6RR0EIxMrAlxtkp5VF11a','avatar58e358b065650.gif','af27fc67f09d386f0688d647cdc256c6'),(5,'2017-04-04 08:28:06','katyamatya21@gmail.com','katyamatya','$2y$10$Qhnr0WdJ7.WFlqg27sPglulpz3C8fSYlDnL3BQjNBTtY7j6raGZYm','avatar58e35916776a2.','a95da98b2d74dfdbf0218a2ec66b5b70'),(6,'2017-04-06 16:05:39','o2189504@mvrht.com','fabulousj','$2y$10$.prYz.IzxVtUe4LgJ3QOZOLpZ/u89OBkH1Quy9llT6ZfbJNBZV4Gm','avatar58e66753aba2d.','5467ca76fb3b4b02e35bf1893e8f5161'),(7,'2017-04-06 21:47:02','konevdn@ya.ru','KonevDN','$2y$10$iqbrOY1o10005I.EVzyUOOHXfoKoClMkCeVQ7XkvI2hvBWi8562ru','avatar58e6b756b0f16.','bf8419b7c6756d2fea588401d547a3b7'),(8,'2017-04-07 11:04:09','mikestoun3@gmail.com','fhgvjgjg','$2y$10$HbDAdGX6GBb0OdyeerBpN.RWTW4wojsXVMXNFbNROnjZpbHMWur/2','avatar58e77229d1fa3.','87bc07625e97764137da832f838eadd3'),(9,'2017-04-07 15:59:58','i.borisenko@byyd.me','genexys','$2y$10$1yrhJ4F1.OlHVBTgRX7vKu6Iy8p8ISx5K6ONIWXBBrVvP1/TG96hm','avatar58e7b77ed86b7.jpg','8655de21cf0922e522e9acc2a68177f8'),(10,'2017-04-08 17:01:23','dantser@gmail.com','111','$2y$10$Wxgn44QEYpyU7yB6xjvzNegbjOnASYEShsXLhMw1waJWaH4NPg7qq','avatar58e91763a921f.','eaa79109a5998f7ba205c7dc756ff866'),(11,'2017-04-10 13:23:39','prokofev123sergey@gmail.com','Prokofev1Sab','$2y$10$kyKRVSwFzrc0WkCxHWrpE.Vv5zTv8rnRzK8E.SjnAncLakHp2aUZi',NULL,'0e1aa459ffff8ca795af9f456d9b2ba7'),(12,'2017-04-11 19:21:21','femgerykrm@gmail.com','femgerykrm','$2y$10$XWkq2aERYICRpj4YFLT/Pu7FjAdYUPgi67.O/tYJjzsw9Js2Sv9R6','avatar58ed2cb19e9c6.jpg','e18ef9bd268867cc910f2703a361f7eb'),(13,'2017-04-13 02:36:21','4knort@gmail.com','Vadim C','$2y$10$bQs9QnNt/FsPC0BZ/.PFK.1ESkAt2XMOPj1MpsSHonJTxamt6OI4O','avatar58eee4250ad98.','e534b8ab9d05c707c14aeece58d73aae'),(14,'2017-04-15 13:32:35','gribmaster@gmail.com','Alexey Pogrebnyak','$2y$10$2yHywhxe5NdBuc56v78areHeJro9STKT9JN.lVs93JaPbRVgJEPki','avatar58f220f366b61.','56920942ac6a159ffd51fd3189bb7806'),(15,'2017-04-18 14:29:11','cvb@fgdfh.ru','bgfbfg','$2y$10$Vi5827uWnndBHCPbEU4bVuxW8ixpTAzXWZxltoFhOGhrUDoirdp9i','avatar58f622b7d1785.','551f37e2ebdbaacff683a90633280172'),(16,'2017-04-18 14:29:42','q@q.ru','q','$2y$10$88KDkWLYM2bry70zgptCB.QOM8c/PelGp/oLNNnBp.aUfBc8px9hq','avatar58f622d62ffdd.','3f27625412c181d2e351ee251cfe25ec'),(17,'2017-04-19 18:48:57','frexin@ya.ru','Чукча','$2y$10$.A1gIckEHJ9D4DmGb/hjNOh20vVsAM71vZUMU99ZHAQTJgRVX5Hy6','avatar58f7b1195e5e3.','1a7ea5614a0e89d04d11da094dd37596'),(18,'2017-04-19 20:27:22','etalona@bk.ru','Etalona','$2y$10$eUFsYPseEbdDj8YwoTYHVezyUp1X2ipsz5RjwcM7hH42Gceqtoexu','avatar58f7c82a8d761.','2834622a4067b2793b7e5fd77beda4e7'),(19,'2017-04-24 17:54:44','a.sheffcer@gmail.com','sheffcer','$2y$10$cS/xiAd7yloyhguJl3bLdu0uwAzFFz.aivDsenMIAL5eHZinTq1Je','avatar58fe3be41043e.','21b22081b670866f0f576fd8dbfe0a81'),(20,'2017-04-25 14:25:07','mail@mail.ru','user','$2y$10$/xVmTJ5zrnUISiY1bNFEOOC1R6YZV05fRpT0kMLhJJ6vTlbDaa5JO','avatar58ff5c43014a5.','ef50fbc064a7fcf056cc9153c75ec17c'),(21,'2017-04-25 17:20:14','1@2.ru','4er','$2y$10$jUYXPrSL7vcOnC5v2I2fu.wrRM6DQA8PKV2PNgmEbMXGgkuU8Aug.','avatar58ff854ea0b18.','51ec3b78c742450f305e0347a86b387b'),(22,'2017-05-07 22:31:04','stas.shovgan@yandex.ru','shovhan','$2y$10$gWuApqwdzKuOv6303KDIlub/AEyDecP5Og5r7.1AhiRpeKEpIHnAa','avatar590fa028b0ce1.jpg','1b90ade4eccdd0df021e19f2946781ef'),(23,'2017-05-09 11:46:42','awdsdgs@wdf.wre','awfda','$2y$10$BNRyyLZSq09ka/mXvRq1K.T3aTpGv2VaWdmSZo/b4GmL762S6Vobe','avatar5911ac223847c.','6f637130453ae1a3f0ae1634e9d8ed3e'),(24,'2017-05-10 02:17:48','russsel74@gmail.com','DREAMERLEO','$2y$10$zOiIBgBzdBk2mfzv5XIq6.djgi9WcPI8Ct/l4/CyyS0AUtz4JEJ96','avatar5912784c02c63.','a6b0f86eab93b1e10039cfbe74c15a0e'),(25,'2017-05-11 10:59:30','kamlasa@ukr.net','Alewa','$2y$10$lZM2ZG9.FCn.GFfHUSYuG.CCgSXxBizJy.QnP8uVhgxwqh7EDqqEm','avatar59144412838cf.','b70940d5e3ae5b466482d491eb05d8ea'),(26,'2017-05-14 17:05:03','r8974jjil@gmail.com','Sailipmal','$2y$10$Z.7/M.yZDlzl0LrapQ1TV.iPE1IMOG.WuYpNVdF7w6HqkjK.VYOxe',NULL,'d0de32603c3d26738af0c04c2320671c'),(27,'2017-05-15 16:23:16','test@mail.ru','test@mail.ru','$2y$10$QglusMQsMdAcMaycJwcC/OqxzWqAql.M6AF27gvSjA45qtdvna10y','avatar5919d5f4cb1d1.','39d46f0bf454a9eab30d6e545750962b'),(28,'2017-05-17 22:18:20','sanya2128@rambler.ru','0902','$2y$10$BewK.ZlNq/B.QhRWKgtgWO8lxHJQoPq.XuGiFlZS2s0YtxP13xwbi','avatar591ccc2c6b356.jpg','14dbe54672a8d314de73cfd691e15c51'),(29,'2017-05-20 13:26:05','15ramzes15@gmail.com','15ramzes15','$2y$10$Wk2dVNVLLk1ztwT0abmL1uii6V.vG9i8kgs3P7IsLgLvPx/XF5yM6','avatar592043ed76a8c.','2977db6a17bb1b7b2d83ba7bd1afd49a'),(30,'2017-05-27 03:43:41','grnoskovatf2@mail.ru','ViktrozDug','$2y$10$A0mu40/KMiCnkNluXaw4he7aoxZaC.EXcg0Jgb0gtYyrIppPsgo3W',NULL,'27953999118d8e0dd488eafe12e90ce2'),(31,'2017-05-29 09:30:48','nfbvyqybtoad@dropmail.me','NothingMan','$2y$10$S3W8z9MaEH2K30ycqsET.eGFUHbfCJ3DR.2VcVljWvWz0kqDB89HO','avatar592bea487a8b4.','5e1002f366185ad67beca9bb293d7d32'),(32,'2017-05-30 06:23:20','spb_design@mail.ru','Alfara','$2y$10$sVg5tE5Da2uzAJyJDuzm5.8C7mlVcjlGghU2vrWW9L6/uS5G/3zde','avatar592d0fd81a717.','6816bfced781f1aca097123efa96f0d7'),(33,'2017-06-07 06:58:54','infowizard@mail.ru','Infowizard','$2y$10$lKgcg0RrChMitFyLQJwS5eyq0Y/yaWX9XqyqwR/2ADhvyxnpm8qDy','avatar5937a42e88625.','b4846a346756f2d34a4156cab31977a9'),(34,'2017-06-16 09:23:04','a@a.ru','alex','$2y$10$dX1z/OKr00cyGTC2XhsXa.P3zuAuyeP0Jb09I5yEU6MVVDBuaCc9m','avatar5943a3781c23b.PNG','d5afa0e3a457689ca13346aa1d0b3df2'),(35,'2017-06-16 09:23:21','rezniksergey@list.ru','Enerdil','$2y$10$HKwPt3EnbZtX9zPOO/qSX.FN7OsJZT21nmPQCyCyvZahbbeurvQIG','avatar5943a38904476.','4af0f0d6571f2919473229d5c2928807'),(36,'2017-06-26 17:14:35','xcv@gfd.re','xcv','$2y$10$RNRo16YOSHwnTbXa1bvFB.NjCTbiZCUmPUAAKJ7inoMO9x00TUswu','avatar595140fb5ae78.','d4811481209fddb53711b1a4a8c2bfec'),(37,'2017-06-27 17:24:48','mongol20171@gmail.com','Chapo','$2y$10$JGQ2iikAIfQ1ct0.hg9QXeXqQbSdZ3cTa2tRjgvcOypTAjnZ4M47K','avatar595294dff1950.','95aa3552140e364e0823806cfba5f0cf'),(38,'2017-06-27 20:09:08','boss_du@yandex.ru','TEST1','$2y$10$.cvKDpAbDKDJk5Dv8BGCaO.vqYj4FDLN.yfLjocaMcCyT4xqXWRXq','avatar5952bb64674c2.','703f72af13fd14bda85326797c2c13e3'),(39,'2017-06-30 21:39:51','sasha.kurinnoy281@gmail.com','alex_01','$2y$10$yVlGl3wPV3SYiiFvn4D.F.aqr4H/twTlkSpmNsWTru4Ut3oE9ry2i','avatar5956c5278a5dc.','cc6a52851d0473b43c1ae16bd558649f'),(40,'2017-07-19 15:05:46','monochromer@mail.ru','monochromer','$2y$10$kQOFptcSxeplAW9H6ZyxYefgObcvRAnxgOFUu9/uPZqzT8EMgnFp.','avatar596f754a5c08c.','9f7d9e013f81d71a7a72a09c5a7c6e7e'),(41,'2017-07-19 15:12:55','kerimovata@yandex.ru','tina','$2y$10$fxHIyYcegxZSnQHhPitNNuZ.aQ.WvB861TEj7HuJVcb.nlRBervjy','avatar596f76f719246.','c2633d20380bd40846feb106504beb3d'),(42,'2017-07-29 18:10:22','miphic@mail.ru','MIMIPHIC','$2y$10$VQc3bAvPp8qw50CQHZfOFex.8MnqwWgN9AMeybu1Dc62j91bhCZWO','avatar597ccf8ecf302.JPG','c0e6489ab8581804cdfad64ba916484f'),(43,'2017-08-05 22:19:17','tima@mail.ru','tima','$2y$10$3PSQBx2QoHHyNL6nLuoshOyUjwkrqN7FQ7QSU1GZ/9gUXW6AQjYwC','avatar598644654c221.','8b921dc05f8e5d367a0fe0ae92321194'),(44,'2017-08-11 13:51:11','effie@blinkme.ru','effie','$2y$10$iRq0HMIcTY4AI9MMPQ7ddePqjAO6wbZiPmb8lwYS86d0wwgx1XyMe','avatar598db64ee0934.jpg','d7296725d3571c7e8761fae8f49a714d'),(45,'2017-08-14 16:39:19','kostet9781@gmail.com','qwert1y2ss','$2y$10$v5jtIFEZ0lUIwNtbjcmZneDn8aJzJMNbrU0L7srBmnU53m3fKOikq','avatar5991d237dcba2.','3254e6d200970fdfd48ccc6941026bfd'),(46,'2017-08-16 11:31:02','nefeloget@gmail.com','nefeloget','$2y$10$wyXXDyf87CjMZrbvhEyeK.1uWTSwaFZZNrAAUMhvlBFKtA/ybPesq','avatar59942cf6d50ee.','c14273de770bfd0488ca486e98ef9f50'),(47,'2017-08-16 19:10:49','mefxl@rambler.ru','maks','$2y$10$wPzkE9MT2SpbsQCeFvhezOFVZvszM03XZUsAIu2ep1L4eRijBuGWm','avatar599498b9bf1f3.','f5b877ba490e73e51fc5bf7442e28d2b'),(48,'2017-08-28 13:22:32','timurbl@mail.ru','Timur','$2y$10$ga8JBWsg.YzNhjSoqisw9.klk5pJcIMvb9QQs3UaWX2JLodG8F0Na','avatar59a4191833fb0.','fec6ba9f2e8189a2e8770ef6adcd6136'),(49,'2017-08-31 11:26:43','dff33fff@mailinator.com','qweqwe','$2y$10$g7Bgii1FcDR7u.No2RdyremXcA5L5vgEPjMrWbh25N2PeQoOs3Byq','avatar59a7f27344134.','e10f62af3592a44284d5bb89e89a635b'),(50,'2017-09-01 16:13:03','evil@grraoo.ru','Grraoo','$2y$10$jrfAZQPepn84r0UpEfrDHuychPI6EUqdk4yYJnkuyQfuVY4K2dqmq','avatar59a9870f5312e.jpg','452767168659a6c4031b9015d16f8d16'),(51,'2017-09-01 19:30:18','miiixsc@gmail.com','mosk','$2y$10$VcPcCs/inVivIGasMZScx.y12cnYXL0cHnWTEb9RkR0oMO1Uwf2Pm','avatar59a9b54a481b5.','a960ff9dae51a1ac60040df977fb295b'),(52,'2017-09-04 18:01:09','zz.smile@ya.ru','Den','$2y$10$q3KneyJcbUL/0m3EKhmHzedVwaUdh9o4OTi606NbdQzgqR3sZBWKO','avatar59ad94e533cc8.','8412447d4c8282423d0437bbf63aad9f'),(53,'2017-09-05 02:30:51','left38331@mail.ru','left38331','$2y$10$PvwnfbpzUvjZ0M0FvPzqsu/oEXwIR4cRpR9h68.vjrOE4FjGdAyp.','avatar59ae0c5ae25e8.jpg','cb535aaf5a2a0acb82fb9e7e76841e17'),(54,'2017-09-08 11:12:53','dgshj2jhrjegkw@f.ne','das','$2y$10$xbVUYgUXFhx06I/s/it0jeckNl38DUSlsF8.d.YrD1DcQnUibg6US','avatar59b27b355d560.','4da2621372df256b159e0641e1fe7c7a'),(55,'2017-09-11 16:44:00','chevpadima@gmail.com','Dimonchak','$2y$10$9cJjabP.y.QvVcnVrEzVVuk44wFygXWJUm5HbxVObHnuwLwCDEtJS','avatar59b6bd503bb6d.','b2cb622380d12155640224c4023a77c0'),(56,'2017-09-16 09:32:13','aleksei_uva@mail.ru','54505450q','$2y$10$JcQdc6S/OtAUjNlJIwlLVe0GPH9QyIxX1hgWRFjqJTIwyNMajn3XS','avatar59bcef9d8b2eb.','dd8327a442768fdb03817bcc77d0a013'),(57,'2017-09-18 12:06:05','qwn@mail.ru','Perdak','$2y$10$1uD7qMS3TJ5jBX7Muc6.M..4f/VOr3LnvVvT9ghhzKWEJAVIT1ZyC','avatar59bfb6ad3b0d0.','4653854b0e00abcee3d9141ddd666e9e'),(58,'2017-09-26 06:32:44','1@bk.ru','1','$2y$10$K/CwslKSDidDy4z2QDcFJOeRvN/gpuXcd.u9/306g8SbFaOIYfOH2','avatar59c9f48cb3810.','e28c453ec4a61b524987203f1c577382'),(59,'2017-10-02 21:23:04','traktorbek007@gmail.com','suh','$2y$10$1diliYm2DQS1k6VVOPq8ZuIDtpyOXYq4ekOsBgygIKN9.VxvZgHRy','avatar59d2ae383d129.','5e301aba5a81a7b662c7336ba578816a'),(60,'2017-10-10 10:01:19','yuzexru@gmail.com','Yury Minderov','$2y$10$4uYRAQr2/uelRUjsZmVXauhN6Oi4pM4wuu0qXjq0oxdrJS4QJ24Ze','avatar59dc9a6f60b3b.','ec5ef9ff87b33f6674e6fe3888301b2f'),(61,'2017-10-13 11:10:40','z@z.ru','123','$2y$10$SKYl4NrZPXo4UXsNhkQsM.Uclm7VR5GN3MDVgE1suq7fYyLQCw12G','avatar59e09f3064bd0.','f6fd7959a0c2ff24be7b5e15b31f459b'),(62,'2017-10-15 14:51:08','2@mail.ru','п','$2y$10$KHCFv1L7ZJ/DCd1SxlH9kuWC5URbOFnP7NxKYEw1APRXgVxUYdffO','avatar59e375dc83ada.','91aa1cdfe64929cba111f92d5f8edce9'),(63,'2017-10-17 18:41:03','ggg@ggg.gg','kkk','$2y$10$WSfKzdy0KBaFb3StiMWF3..MjCSrStniX1MW7WYQRRul1VRpF06gK','avatar59e64ebf7a061.','0cb248c11ddd5f833a02536f1c636079'),(64,'2017-10-24 02:58:42','danielsib@mail.ru','Danielpoobe','$2y$10$i4/DTka0Wa7YimFQ3X2h2O6vE3LCwnnlmYjjKLgQEgV0VTm4BI8IO',NULL,'864c4cbb2ecba7a5f454a71f1c29be37'),(65,'2017-10-26 21:45:52','michaelimalt@mail.ru','MichaelMop','$2y$10$uzkaOu8QtT66tORF40xp/uAlQN/EHpFdS68snEJ3qglrDGItX11kW',NULL,'7ba947b1658cca97bc14abac20567672'),(66,'2017-10-29 10:22:30','narkoz@ngs.ru','Pavel80','$2y$10$mTrkakSa4roarJvUJFu02.WY9N7Ej61uXvV4ZYXY0mUWYNxXCmAzC','avatar59f5abe62575d.','56c5518dd5000b9da4cd17d6e1c8b35f'),(67,'2017-10-30 16:41:51','dsafsd@dgfds.ru','dfsfsd','$2y$10$PE7P3L5IdhBpGniAm9oAHOT5btChZ6a7UeEmhu/aU7ef7TwaVkQHa','avatar59f7564f4c165.','6c96500c0b8c1e2c39e37acc48807811'),(68,'2017-10-31 16:20:02','kalyaevgera@mail.ru','kot','$2y$10$jPXSWa1.A5u81lthwRTsm.PkP1yor9D08KWYE2jkm/k/x9Iu4uMvi','avatar59f8a2b29c075.','3a19ce5eea33b7e01a0df71039a65149'),(69,'2017-10-31 21:24:07','ddd@mail.ru','dertnh','$2y$10$Jvgq0podpxnWx4dBuw8Ec.5ghEmeI9GULJhmFjZ8LbmysRBvoDMP.','avatar59f8e9f760c93.','809f009c98b7b1dbe818e07f120e5947'),(70,'2017-11-02 16:26:43','1@mail.ru','1','$2y$10$k3anh34nxCG47nM2cR33fuBObjhsGmaPCn9MK435ljycesg5I8FTy','avatar59fb47433eabd.','8703fafd6c75c6ba8053930ea532a17d'),(71,'2017-11-03 09:04:11','elchin-r@bk.ru','паук','$2y$10$Tz0cflGCWSihhPgpIcDnYeg4moH98NaQi1YSk9qH.lvvgY7vHk/R6','avatar59fc310b5f9d7.png','b0ab6d12b552aada3043e70ef2eb7b23'),(72,'2017-11-03 16:23:34','attaker04062000@gmail.com','nikita2000','$2y$10$ZHaTh0vpv0FlmvrssQNsQOMGh7nk21OWh/l5eIdnmMe9VMa/Ge7e.','avatar59fc6dd679846.','e22a6f821ae6880ba47409b621278ccf'),(73,'2017-11-12 22:58:28','123@gmail.com','123','$2y$10$sbPsq.Dhn3z4oiSatrwyneMWEAAvWBRb6rszMPUe4TW/CgJG6t.Cu','avatar5a08a7e4006f0.','c1a0ee10fbb8dd8b7e4620d6d2049784'),(74,'2017-11-18 09:11:52','adsad@asd.ry','23ada3w','$2y$10$dj7.228xB4DJ7BFmfnbICujr5EVOVC.TWaVNrUCFodteRnxezDhdS','avatar5a0fcf28ba89a.','ceb4af73eff8edbc2239c677f8340fed'),(75,'2017-11-18 17:42:31','a@a.aa','aa','$2y$10$cpo9MmEGIn5cgPIaiZR8u.dTIwm8Q6LevH5mR.ZLaQ9HHOFEl3yIK','avatar5a1046d77e958.','3b62e58fc47bd4d6859ecd26112d99d4'),(76,'2017-11-22 18:04:39','dfkjhkjs@mail.ru','Kisa','$2y$10$.DNF2q9VGEgsmvqVmywXBe7Zkk7JeGg3Hi.7mabchJco.Rlea3M4.','avatar5a1592073bc8b.','ae16400abf75c1297e43803d7266e7d2'),(77,'2017-11-30 16:19:38','segt@dfhfdjfg.dsg','dfbfdn','$2y$10$nTmfN28cqFyyacwsOQ1oc.9Etan994sRp14Hknk2lxdg2jiSDacUu','avatar5a20056a8a9ee.','11bc70a3c7fba64ec030709517ec6547'),(78,'2017-11-30 16:20:36','qwerty753@qw.qw','dera','$2y$10$0dKtRKPY2X3.HOJQxTQ3nuSOgoIeIH/ZRs2mbuZwFKZdQGnBnQxV2','avatar5a2005a47626d.','afad5c5be565d98a83ca8d93453a10d5'),(79,'2017-12-01 20:44:38','ilya.kolmakov.i@mail.ru','JIlyaS','$2y$10$HmmxT1qPem80Otn0EWfRnOtTl3u.TEYb0eqbOGx6l3Ldn0/yk1meS','avatar5a219506b54a8.','b56f5bc8672891502967d787657e368a'),(80,'2017-12-01 21:54:19','kostya3312@gmail.com','kostya3312','$2y$10$2pHDDwwPvKTDvYmTSGLU1.IppEbkv6a5JrCquUfDRWQ0mSJCHAgSa','avatar5a21a55b37104.','3f040ab146ecc2c8a002bbe21bc683d3'),(81,'2017-12-02 22:38:04','zdfgasd@mail.ru','1234','$2y$10$y9JLcUMaqyoughqbBvPK8.qRErJSdBCdQmylMQXZbU8cgOIoTkSBS','avatar5a23011c4e29b.jpg','f85d9a4adb29cadfcee2bdafaa4b4307'),(82,'2017-12-03 11:31:37','dsg@fh.fh','dfjfdj','$2y$10$iIhz6C9tYQ0X16FGWHKWOem2LjUqSc/OH3CX7vONmMM9dcdFk/3Bi','avatar5a23b66909ba7.','ba4400795bbf00d940819c2e7795d711'),(83,'2017-12-03 17:51:09','fgdfg@mail.ru','sdfsdf','$2y$10$iU747e9HOYjkKakBsULUr.hOvPSP1NOW45JgjVQ9rA5GTA2Ch/CzS','avatar5a240f5d7f068.','c707fa135dbfb5a0aa2105bd8a8d6d64'),(84,'2017-12-03 21:59:18','dadaw@yandex.ru','loooooool','$2y$10$i4k5C.Qt7wyldFuS1awpjuy6i0dm64io/yILUhOOekbAWZPPBufYe','avatar5a2449867a31b.','525fe1b07f337461a61f3c6ac957e1bc'),(85,'2017-12-06 09:59:36','Ermakov_v@outlook.com','Vadyan','$2y$10$Zq/t/gigBXJ6E34FcVOxzOZx9A90AOpZ5UZXK0m2AKjm00xEbAeY2','avatar5a279558dbce1.jpg','3b4e02d353d9146d9022973a21cc4da9'),(86,'2017-12-06 21:19:17','romaserkov@ukr.net','Roman','$2y$10$BLVESRk8UVqPIFd7l5zDx.fQ1gRos6IpG62uaLfOI9KJIvSA3kgYC','avatar5a2834a520aa4.','7f80fb1c3c330db6839608e855b630e2'),(87,'2017-12-09 01:48:09','olesyarouen@gmail.com','Oles','$2y$10$tShbbvjtKf309VOmLLFe3uffgNdAzjQzjRBKmb1T3MZgJB1AQabBO','avatar5a2b16a9277c5.','109a9933db764cc43dcc07be41c014f5'),(88,'2017-12-09 12:17:26','xpen@yandex.ru','Xpen','$2y$10$J1MYokA/HwVpGpzLZLoFz.ENIcpINPcrM7XM..I/oMXxsjY8Njoza','avatar5a2baa262d47e.','fcc2ca77c6816fc36a421414b643b033'),(90,'2017-12-24 02:12:37','artromani@yandex.ru','Artromani','$2y$10$XdGLjkbCGOu6/j1mrCH6ve8nMoqSNv8Z.L7UgranTXIDR8.QpyrBm','avatar5a3ee2e534f8b.png','67dc03dcdeef7c55309f5ef13569ae5e'),(91,'2018-01-03 17:13:59','gerbst.g@gmail.com','GEORGIY GERBST','$2y$10$EeN1VL4wkxXgOtHOEq7kB.iXNpFHSFEwxkA7Ytl6I6gLM6nVQQ2ta','avatar5a4ce5274f7e6.jpg','8e910962e221b198ca7c7ac46cd56bc0'),(92,'2018-01-08 15:15:04','kredmich76@gmail.com','Эдуард','$2y$10$XQEL15AeB2fUkTz3rxDKsuEn2rLwib9/OEG2lmm2AoEMYkRPielQG','avatar5a5360c8259fe.jpg','9b070a4df428c6285669db46119a8d48'),(93,'2018-01-11 18:07:15','jobe@p33.org','12йцфыяч','$2y$10$Z3B7.P1Q.Lnk0Se5R0KL/ewBc2talssHoaboy6MagyYCjHA/uwNl6','avatar5a577da3823f7.','a7b6788fd361f9efb616cb0c404d6090'),(94,'2018-01-14 01:39:33','ak74am@gmail.com','nickname','$2y$10$awvPpAQuqr5BtXgCUW.hGeOAk5QCUCfvKz3RaKq0wfCJTA1uTqg8e','avatar5a5a8aa5c2fa1.','ad77f789d82165e77a9fb08351996f99'),(95,'2018-01-14 08:56:29','grey2011g@bk.ru','Серей','$2y$10$VFlT05jk1RmyhCGOoo6/3eoI.EJc.EUitgRuxVlfe.ZuCMmwwCJdq','avatar5a5af10d810cd.jpg','82fd2fb606bac138a0e2ee21dd0135e6'),(96,'2018-01-14 18:29:32','andrey@gmail.com','fkdjhsjkfds','$2y$10$bbJH04giHNncLQ2RVuu.Tu2CbZXTHcNjtSglAqGZknUjboSGF62AW','avatar5a5b775ca82cc.','116795b7a3941cf42e2e02c376dbb8ee'),(97,'2018-01-15 17:55:39','ionovden1@gmail.com','Ekzito','$2y$10$ZxpXInGiRsmrR.SJGiLBRujl7qL5rLyiVRACPm78shKdLSr24IRki','avatar5a5cc0ebda2cf.','6275765338a3b83caf69e01e69f6d575'),(98,'2018-02-09 12:29:07','sergey_bobkov@inbox.ru','Бобков Сергей','$2y$10$7sUOyKWAD5QVGihhN4tgEeRjrj5c2OQo0ZmowhufbjGjWIa8ugz1G','avatar5a7d69e385bf6.jpg','3bf677b246ef65060d7198c114628477'),(99,'2018-02-10 11:13:12','89259159452@mail.ru','bbb','$2y$10$Kxi5ZSrjLRd74XqGA70iNO6pGosqX2zeL0g.rbzm6XdfqWLnqLcP6','avatar5a7ea998726bb.','6cf91479fc798b554442e0beaa6e0cbf'),(100,'2018-02-15 11:24:38','sanyaklas111@gmail.com','SHEYN','$2y$10$X0n7bMYPA7m6hcQ96BQNZOwNepO.Tfc0pagQ35MDmzYY4ZxGKGZFy','avatar5a8543c69e07c.jpeg','750bced8e7a5e4b1393a25286d079e73'),(101,'2018-02-20 16:02:06','fergussawyer@gmail.com','Юрий Уваров','$2y$10$HlyjASwlOUyO93Gt/kDRWuhEzyqU5HwarOrc.8kgamOMnot25Bohe','avatar5a8c1c4e3480c.jpg','3225c05438fb711babf74779acb76afd'),(102,'2018-02-24 17:53:39','olya_klim@ukr.net','12345','$2y$10$t1gCOxiSvNX3atR7OVb9yOb.ZY0o6u1ZalUz70ZZG.eqJKjCMfAZe','avatar5a917c736f767.jpg','42b53a993e6e8db1ec6d54f1fd791eb1'),(103,'2018-02-27 15:52:26','bratdrug27@gmail.com','bratdrug','$2y$10$nOYgWUTkVtcD6UdU2IeeIuS3QO4DpIrrdXmBDIQAlqjZ9hMQ3xyYa','avatar5a95548a48aa5.','50d3e6659757070fbcf3dbb94cb2e309'),(104,'2018-03-04 22:12:26','test@test.com','test_account','$2y$10$OIGdB3ypqKNB95TJ590uZONOKSIJjUaQJgGbIXY3JSzfmUlUsn/U2','avatar5a9c451aaf6ac.','1ac612dd9fd8db10d6cbb3e424c779d9'),(105,'2018-03-07 22:13:57','dima716@yandex.ru','Дмитрий','$2y$10$5l8rFs9Q1e6ia.s9djEe0.b69Yb0k0pMCOkfLoCkwPfhzpUC2kRLm','avatar5aa039f5bb377.','f002e4437138498383067e20b857c181'),(106,'2018-03-11 17:52:22','zhenykivenko@gmail.com','kivenko','$2y$10$vM7oBE9.fy4.1g/JCDKrt.KNM8Fu4zZZ6CrIHetBo.FVh2A9SVPaq','avatar5aa542a601610.','679dd52c60a4e2dfce98310fb8dc64d8'),(107,'2018-03-12 03:24:08','sdfgfddf@mail.ru','12345','$2y$10$7ZT5Tty9qNFI3tk4DRaZYubi.Lo6FTWQbh5nYdFLENm67gomr/MbW','avatar5aa5c8a8a891c.','eb30b0b01ffc67015e8ba96661e54b2e'),(108,'2018-03-12 03:25:54','12345@mail.eu','12345','$2y$10$S194PoPoetXAImUmTtP2..7N2s95GrI36JUw3NU3CtBGjyhOsX3wm','avatar5aa5c912b3861.','f113729e349adb8d6d91b753c3613c95'),(109,'2018-03-13 14:35:39','nikitka.sigow@yandex.ru','Craz3r','$2y$10$EvZWFPTOeJ.OqwgdZca6R.QVBVjAiOZuF6PqRYWSWorHZtlr5NHuW','avatar5aa7b78ba6f73.','198a3f51e264e40d8b99dc5afdca007c'),(110,'2018-03-13 15:24:10','sdadas@dsa.ru','ddd','$2y$10$wd4ytCTKo4dlci.Tu9.TVeU.Sm6LbMcrA8i0mCyDxmGFiF7H6hOke','avatar5aa7c2ea580d2.','3d35c4b51f2345e9cbba72ed0e136da4'),(111,'2018-03-13 15:24:38','ddd@d.com','dddd','$2y$10$ayiHlEw9XDKWOMd/vCYWfOlivo4n0AXCPcgWjYDeZn5SVVqS3NYhy','avatar5aa7c3066ead1.','65f33d5311e5e9cb143d06e2164af896'),(112,'2018-03-18 03:08:48','I_am_live.vl@mail.ru','Komplecs','$2y$10$NvnG5MHWp8AA.gbP/4Gmp.5X44pU0VWUd4V8i1Olb6HFUnbUd3hMu','avatar5aadae10522f1.jpg','f3e28302bd86d472f54c0e8193b957f4'),(113,'2018-03-18 03:27:53','hfjyg.vl@mail.ru','рп','$2y$10$Jwh6S3HJy9jDGLwl3TBouOQ9Bx38MrHPuNVJDa7FUEZF3fFYWlN1W','avatar5aadb288ec2a9.','21a21d3f46602c7d166ac3c23f48fc8a'),(114,'2018-03-20 22:25:32','lavilaster2013@yandex.ru','lavilaster2013','$2y$10$BUx1/zgeYCxs4Zutga0wPur0oJGqZOX9tg.fNW1PD/IPsJJn/WGOi','avatar5ab1602ccce24.','5108a1701ec1d20f1274315965d73b91'),(115,'2018-04-01 10:58:04','gor.andr@mail.ru','Mubir','$2y$10$8KVR6eKw5o0qmfjd4h7NT.vbNHzNPjPW9lShApoia.JLQPLnxMyq.','avatar5ac0910c5bcbc.','7ff7d9997fa5e7fc411d6908a37ee8ce'),(116,'2018-04-01 10:59:33','gor.andrey@mail.ru','Muvier','$2y$10$4UTiDoUivio7to9yFaSjXuOiTREpkDAfZ3hHFUTrHIKrKbA/HfCwi','avatar5ac09164f16d0.','86361617f148eee5117582c6ab62906e'),(117,'2018-04-03 02:32:14','nickname@mail.ru','ferdinand','$2y$10$q.MLE7D/7LaiMuv6B3s1J.aJc8xEfjKI7NqXzYFdkGjpYx/mN3dZe','avatar5ac2bd7ed026e.','666e4757bce98d00bdc1d9943e8e4bd1'),(118,'2018-04-03 02:33:41','nickname@biz.ru','\'drop_table\'','$2y$10$PDL8.YwONgIcHkWjpTJdw.lMdDP0BxSWz8MpsbIz1o/W5W9uM4BDq','avatar5ac2bdd512186.','1412edc006737f666b80ef5d5fab5d18'),(119,'2018-04-03 22:52:51','vankert353@gmail.com','Gena Nikitenko','$2y$10$KIcHvdV73cuR0jacdI8l5OVuCfF3XTZaRzZWnOaK9aodUk1gzFAEq','avatar5ac3db93795ca.','dfb8d78dac6098af427df70b3d8499f9'),(120,'2018-04-05 13:09:39','oo_julia@mail.ru','Юлия Алексеевна Калмыкова','$2y$10$V4fXmVE94SQkDZ7qDHu4yOY6XTuWGgP3EqDtFOzbEs8DEUcf7pY0W','avatar5ac5f5e35f463.','da9614f214eb37021c76155ebb00efe9'),(121,'2018-04-06 09:03:14','p.hu.ke.th.ey1234.da.vay.jgi@gmail.com','KrasnovArEr','$2y$10$g/fIg79qTKB8GVOrMPgnuuiWPUlkK1N4nquH2f/AqNdzAv/P2ChQm',NULL,'f816a16822735f26519a39823750ae55'),(122,'2018-04-16 03:20:09','ph.uket.he.y.1.23.4.d.a.vay.j.g.i@gmail.com','KrasnovArEr','$2y$10$VAdeyQHoN15ENWE16d3x/u/k0KCRw6fSedTjc4nSiQ/AzA9WpD3My',NULL,'17bab8f863245e347a7d030d50613fed'),(123,'2018-04-17 21:59:11','thunderpokapoka2004@gmail.com','Zeine','$2y$10$jwyIEwgfqzC0bN3G.4S2QeJV5ILERL6LOMsrZe1zXkXG56.IXKTRe','avatar5ad643ffbef47.','459b161bcef8c4258a8f84752ea96439'),(124,'2018-04-19 18:58:46','deni.volck@yandex.ru','Wolfikowich','$2y$10$wllOb8txtCng19X9LndiOOagXEp2C/FgKtcz7yhf6ZCNPIZCyGhiO','avatar5ad8bcb60e44c.','2339681c2a93ccdaec16fded071addf5'),(125,'2018-04-19 22:24:33','tegecheathyDer@grek1.ru','Dwightkex','$2y$10$BiANw3lUF9.b4Gw0WsQrhegiuFx4aHc1eidBP80LWm3AoJFDTU4SC',NULL,'9f6783a78d70478b74ade9817a2b6f55'),(126,'2018-04-24 00:27:38','p.hu.k.et.he.y12.3.4.da.vay.j.g.i@gmail.com','KrasnovArEr','$2y$10$nX/6BWn96tkQj.JsDSscSuiy1lf9acqv0ow7A1ryj9LjbFDjwNG76',NULL,'815c2672e9c4fbf91760241dd170940a'),(127,'2018-04-24 22:50:49','heavenlyeva2015@gmail.com','Heavenly','$2y$10$lwrMP.GNE0xrkc/3hekQVOkcPceyCkFHZcYnY9DwdK.ricVOecofu','avatar5adf8a992895b.jpg','da1e0bffa983affa6e748b8009695c4f'),(128,'2018-04-25 07:38:08','phuket.h.ey1.23.4.d.a.va.y.jg.i@gmail.com','KrasnovArEr','$2y$10$J.FUtf2dgE0jkZ/Cpy.sr.iF5p6xbKt4jPc8B2vXeDclX.9R9U2b6',NULL,'d77e8e1b5682bfcf642f3c330e11e44e'),(129,'2018-04-25 12:44:57','Tellela@truckmetalworks.com','Jorgelaf','$2y$10$libCWfUFfA2NCFke8Tdvj.jyBZCnypNQLELaRWYUWla9ddvjMaCYW',NULL,'8ab180e048e0f07ad3ff4a5e69f8326e'),(130,'2018-04-26 01:13:34','p.hu.k.e.t.he.y.1.2.34.da.va.y.j.g.i@gmail.com','KrasnovArEr','$2y$10$FLM3YLtnZxay/jyWT0AJd.1Lk3thSonShHIb5v2U37EykunjR068u',NULL,'3b11842ff1a9198eae08b0ea3ae76ec2'),(131,'2018-04-30 18:29:25','12345@mail.com','12345','$2y$10$U1HOfd9RnYLbJDiORk3Y5uRAnQ1OzFAstDK/aBGIcn9WdfhcS9XHa','avatar5ae73654f2fd6.','5171c1d12476087b8a41659526309da0'),(132,'2018-05-05 23:07:37','12345@mail.ru','12345','$2y$10$rR8rkpb2Z2LaU9E2xhN3Qe.IvgDzZeLOw58rdAX5D12buFFD2IlO2','avatar5aee0f099ea1b.','cbca356f5fd19e886ad13f5dce7ce905'),(133,'2018-05-11 15:04:07','scoud@mail.ru','sparzha','$2y$10$ydgbVd3Pznsd8fQjQxUyZuesYJ8R0Vxuxx0s.NqQnopjS06yM/3Kq','avatar5af586b7db747.','3b95dac18c8378ec1b5c1a32ab73785d'),(134,'2018-05-12 15:37:27','l.o.sap.wild7art@gmail.com','SetkanaoknoDug','$2y$10$xNLQ1UdjOygSVjgawklsFueGUxhbLG1k7eJWoZQO0B/Fhjl7xVsKe',NULL,'0cc6de82442f5fd0df491da280ae7b1c'),(135,'2018-05-17 21:47:22','emai@e.mail','Juser','$2y$10$u9Ova3Qd6GeZki5BF6lfzu6jLlrRNc8Hz43zIWNb3fLoR5N5e2dCS','avatar5afdce3ad8dfb.','1e002f28c4ba73037744c297078d15eb'),(136,'2018-05-19 18:50:13','test@test.es','111','$2y$10$.8b/Ipr5bLF/umOr/JiAcupzNpe38.XVRtFSTuMMKBkd.pgJeGAhm','avatar5b0047b580c3f.','b183406172169569d86206ff39dadcb6'),(137,'2018-05-21 17:29:05','stof@mail.ru','stof','$2y$10$zlOj0k679hRKAmnL31hhOeYj6emxR0n6wLn0DLSUzeEevOXXKSPSq','avatar5b02d7b1695b2.','8a1daea1d2789b5fad36706bc158ebdc'),(138,'2018-05-24 18:19:21','bla@bla.ru','bla','$2y$10$oV0Fqzh4MBzY2L8BKQCCAO/Ovp9GTptziIR/o/8dhdSst5j9N9Bnq','avatar5b06d7f98d677.','1c177be47e09884541b279f73bc73ebe'),(139,'2018-05-26 12:19:49','f.o.rt.u.nah.e.re7.8p.la.y@gmail.com','FortunaPa','$2y$10$JjKFlyIaneG2usTJ/yKKrue9FcwiPgK6CpWJHp8AFz2d.6aF5fhby',NULL,'a0be57efb92aea517439ca1c6dc70c33'),(140,'2018-05-26 17:57:07','aleksei_uvaa@mail.ru','Aleksei Uvarov','$2y$10$ZXwD55fn273AsDZDaaAwwuIX53pqqAMnyvPNaWgbikmJNmppFpl1y','avatar5b0975c37e638.','1474d10144d0f948759f8041c26d7781'),(141,'2018-05-28 20:26:34','l.os.apwil.d7.ar.t@gmail.com','SetkanaoknoDug','$2y$10$7v0rErEu0hQWAhxSwWzu6uqIdfXwzR7MpELD9Rk8tpXC990Z1ug32',NULL,'5ea8b4a2b6b0473b7f248c8da320eb19'),(142,'2018-05-31 13:52:56','fo.rtu.na.he.re7.8p.l.ay@gmail.com','FortunaPa','$2y$10$2O25ZZQwS8Va2RmHG6WCIOdBJz4Opkmh.PJQ1wAaX04/6sWSjdbZC',NULL,'c7baec6c0be18eea485d14e76f9a51a3'),(143,'2018-06-12 13:11:23','njk@mail.com','sa','$2y$10$R2rDDAfgtpl2EvqxGD9YYOP/PvVtSvydsAuxmPPsw3MEbslQwLw8m','avatar5b1f9c4ba13a9.','f840b693f1288a07cf33d29715465122'),(144,'2018-06-18 21:59:26','horpion07@gmail.com','horpion07','$2y$10$HRLezA/gGrck4pGYjd2RI.FgIOPBhamY3vfWd54i7yU9Cv88NfKHu','avatar5b28010e816b6.','6898d0ecb1bfceb841e085c9990cab01'),(145,'2018-06-25 11:47:09','xpenn@ya.ru','xpenn','$2y$10$u2twcWcvSja5aIOjtO3DRuJZVc9PHRx93tJ2kNrSCz3qhwM6SEry2','avatar5b30ac0d787f2.','029f3ec038d23638a759576b5b9c90b5'),(146,'2018-06-28 22:18:33','timonbu@bk.ru','Тимофей','$2y$10$sMGS75hysPewp3/OgaRYT.V/shN6YtRIsmL1xvWMD5mFuJ6wcs4JW','avatar5b353489b5f31.','cc1ac7dbfc61cec89a17b5df27cec2f7'),(147,'2018-06-29 01:39:12','awd@ad.ru','qwerty','$2y$10$Mkky0eIVZqi0M6ovNffTLeiroNdh3iaxCjvmPm9TONSd4OWsX8mGW','avatar5b3563903d004.','e0629fedbb14475ea26e8f900a5fcafd'),(148,'2018-06-29 01:39:36','qw1234erty@mail.ru','qweqwe123','$2y$10$t7SiNybwlmCE8OKPbFX0ue4qsr1AtbtPRRxx3idw1jnu8FXPBfRGW','avatar5b3563a8110a0.','1b5b56d471562b93473592ff4dbcd2f9'),(149,'2018-06-30 14:58:09','m43kp@hotmail.com','kllpff','$2y$10$FN6y4zjt0PvclV1Lz6gVnOBYm0Mn60T8KV8lvynZNeiBjkuSNhF6q','avatar5b3770515c2f0.','201453eef690460ce41435c17dfba05f'),(150,'2018-07-10 00:21:04','limanson3@gmail.com','Олег Семанів','$2y$10$MSGDQ8hofh5eVRLW/D63TubUU.tAS8hgIs/l9yDK593ay8Vuyy6Ay','avatar5b43d1bfe6505.','48f5a3896b6e1ff5c1229337446e73ba'),(151,'2018-07-10 15:31:21','fff@MQAIL.RU','ff','$2y$10$xwERGUQNa/hapxbe7TtKROlZWmccRumpbJu/zaMYzAdnkszZs4cES','avatar5b44a719aaf57.','9041ee9b3787c2ec417838c08a72b0f0'),(152,'2018-07-13 20:15:02','achurakov77@yandex.ru','Achurakov77','$2y$10$U80mb6UHtzWrI8qBTPQ9WOq28jSyTK0cYliKtC0rwdKJptD5jCj4m','avatar5b48de164b3db.','1225933391eef90c3003e8f664c8f8df'),(153,'2018-07-26 21:03:34','art-kudashev@mail.ru','Артур Кудашев','$2y$10$u972eu9rcx.uIikQcKr/HOX1flXAghNl9ZA2WWJL8N16nlKV1EAPO','avatar5b5a0cf651c12.','9a78aa7f355292c26a34595ab50ef5d1'),(154,'2018-08-05 04:07:34','waq333332@gmail.com','waq','$2y$10$1P012kNAVeJlNLvT2lIZku37E0XMYm9uIseXcMP41EOBqKKI5yA3q','avatar5b664dd6667c3.jpg','e0d697376acc837454657643ca3eca62'),(155,'2018-08-15 14:33:16','meme@mail.ru','dasdad','$2y$10$WdyyL3gFkFRjsxN4.3bSQOrrXHtU2uYlPlnoyLMNC1Pv2Xsr.vhpO','avatar5b740f7bf3bfa.','078a8d7a019479c6cddf8da74966f32d'),(156,'2018-08-18 16:08:27','johnconan@mail.ru','pav','$2y$10$iLTdiKoBn/MtJEL7nHKj5uksgR/txuCF1jckASvG65WJKjCQkv3OS','avatar5b781a4b69816.','04a4fbebdcc676ae967995662820410a'),(157,'2018-08-23 23:37:22','uberets@gmail.com','Alkaida','$2y$10$dXPUXVJv79K8xXRyOYohIuKtmZcXZholvxmv9Cf.0Pe.FJPAC1fYC','avatar5b7f1b02a6737.png','02842621bfbdbbdc410328a105a651da'),(158,'2018-08-24 12:52:49','dsfsd@ds.sd','sad','$2y$10$vv3bQ5cU3U.hCSljrJVqAOmtd3R6ve/SIQV.JHQrEfaKrS.UARhlm','avatar5b7fd57134a2d.','da1b8bb388ba895fa90e4d085d54a5c2'),(159,'2018-08-25 20:10:31','Ekaterina.Puxovskaya@gmail.com','3','$2y$10$YAgCxvI4nLn3QQBVCLl6V.pxUAKy74Dubcuu5oweIvdpuIMuyCuMe','avatar5b818d872299e.','926303d96f28d695623646c8e28806cc'),(160,'2018-08-26 23:24:02','alinabolonkina@yahoo.it','Alina','$2y$10$pTsJPU2orucy.bCiYsfsEe1t3eup3v9fw080bLVtCGJDvjvIGMDV2','avatar5b830c627ff97.','145293185223d2447abd74a6a3dc7c7f'),(161,'2018-08-29 09:17:41','shumilin.i.v@gmail.com','ИИван','$2y$10$a42gibclZHZDVsFnPmGg0u5ywrKrmmT57aSw79USpljQ1ADXLAEum','avatar5b863a857317f.','51a81ebd1c2d3499f8085d19458e7dc2'),(162,'2018-08-29 09:27:32','suka132@list.ru','Святослав','$2y$10$EXZi23/4mwaLXsbPaLzgZe5fAyfhAT5WX5jyKsRtyXPZKQqa2.GDm','avatar5b863cd41540d.','86a1bccbcce45c079e51923dbb17f8c2'),(163,'2018-09-02 12:56:08','FFii55@yandex.ru','ft','$2y$10$SIVhGEBzPtLjFVg3cBh.aeqWJPGCiBx3XjlgGiou8.ZLxLmSA0Dg6','avatar5b8bb3b85ce44.','36aac57a25ab19aac60b7801885044ce'),(164,'2018-09-03 22:58:20','serg.rufov2012@yandex.ru','Сергей','$2y$10$IX04DSLkulQ8AU6AN6auAe3FTsBlHNoAXTcVS08PZolfMvro7Gpx6','avatar5b8d925c21cb6.jpg','3f6973cdbb1dfb0b7a7d51b0010052cf'),(165,'2018-09-07 08:14:40','j@i.k','123','$2y$10$WsFpsU1QRJpMP7srAb6t5O2wxfyf8ReuaH290VWWloxwNLaFFWO9q','avatar5b9209406f230.','fa2bc55818786e0496e5433443ecb1cb'),(166,'2018-09-14 21:09:58','glebas.pobere@gmail.com','G150469p','$2y$10$Ak5BIujI2VW98Dt.1/QbyudbYKv8Oqhm71Hlof59Uxbsk81YBMyg6','avatar5b9bf976b3990.','b8b9110c86f0da4ec486ab31003aacd5'),(167,'2018-09-15 21:19:01','a@b.c','abc','$2y$10$2mI9IuJLyXUiYYcwoc4O4uncq7Q.QxwW3RCoiDkgH4TLQYTPTffdG','avatar5b9d4d15d22e5.jpg','e14fc5be3208ab9f3f7bcba8e7413dce'),(168,'2018-09-18 05:35:05','pestovpvl@mail.ru','pestovpvl','$2y$10$1z.T9A1u5G7SlAXlTxASce2BL/wXlgD0rpYndpYPwumnOvLjt9cGu','avatar5ba064590735c.','93b375baead7c5461ba0acd9d0a35361'),(169,'2018-09-20 14:38:47','asa@asa.as','ass','$2y$10$fbXqOIDtI.wGzL.r6oexauTlBTWCdFTdGyCp8oWKxiO0eEk7jhOdu','avatar5ba386c720ee9.jpg','3557560bda90512966046d090d237691'),(170,'2018-09-25 18:59:08','global2@mail.ua','Санька','$2y$10$b9l7bV3X03Kb02GDxSAH8OQDK8GSjGlBvC7FGiDtYuWDGFaa61gUW','avatar5baa5b4c4b135.','62099c8621e2ac4bcdac3b9a03666f4e'),(171,'2018-09-30 20:42:40','vetaililnickii@mail.ru','Vitalii','$2y$10$oTcyITkFwiwk6aGVO3h8geW6O86cTXYhF5XjStPORzIjJfHxrZudm','avatar5bb10b10ae65c.jpg','55dacc0b62b878b4768daadce4653c2b'),(172,'2018-10-07 16:56:44','guitzizou@yandex.ru','guitzizou','$2y$10$hWO498bQNorY2Gf/jnrF5OlPYMrC4Qug7kPTqUOCOqmI7V0/P4gPe','avatar5bba109cc4912.gif','d565e4991ecb810d1b368cd0d70d2b29'),(173,'2018-10-09 19:45:10','superspy5553@mail.ru','woky','$2y$10$l5wUEXCzUI0v/G7RXvnYM.Ve0BnQ9i/97.dTMmeu5.uQLOno69Dqq','avatar5bbcdb16ca36a.','4dcb2874ddf3b763f2f081df3286d88c'),(174,'2018-10-12 15:16:48','sagfasfgasg@sdfasgasfgasfg.asfgasfgasfgsagasfgasfg','asfgasfgasgf','$2y$10$MFBb5ej9F3IC4JFXFtd5XOncCywU9pYQugroGUj4vG7okaohFKx.i','avatar5bc090b09212b.','887fd66f77b4e5c82c0fb0a22d9bb099'),(175,'2018-10-12 15:17:24','a@a.a','asdfasfd','$2y$10$Q807H/NaEP2icqxpF60pqeT1qosSTLKhexQu5dyjs0AntlRZUi1hi','avatar5bc090d42ec3b.','7c9129157d04b494b04ff94c8098d28c'),(176,'2018-10-12 15:17:47','aa@a.aa','a','$2y$10$8GdukqBVqKZ2Hx5y.z4zReHmsXn5K1g3wtm0f5XZF78eKsMY2iHCa','avatar5bc090ebbf572.','01565c496e4a15df2df0d680821883ed'),(177,'2018-10-12 17:50:49','ss@mail.ru','gitler','$2y$10$Z2zKBxA2.nx8Q45H0HUvGegqk9rahXZ2tMk9oACfMgS3f/ictTNvS','avatar5bc0b4c9b1c30.','1386a0753c0366d83cc60a2b57c38267'),(178,'2018-10-23 23:21:29','artur86@mail.ru','Artur','$2y$10$WII00HlDPRnBrEvCsrRVReajQf4TXDpVz96uM5zS530lvOYUin4aq','avatar5bcf82c955c71.','bd344eb24f95391e5333da47c2be9131'),(179,'2018-10-25 00:21:57','mrfamone@mail.ru','Konstantin Timofeev','$2y$10$EJP4J6szaUoEa47AtdKTwOgYLSZSmElsSfbHbQktLwexWTzej9QK.','avatar5bd0e2752760f.','b43700592b4da889c8b7e8b6ab76855f'),(180,'2018-10-26 06:58:51','real704@mail.ru','real704','$2y$10$D9gGv2a.S96O9z/xryPJYeigb1bSkAJrNpV5IxqAogF3NqMSzPDZC','avatar5bd290faf1c22.jpg','d63429d5730074321b4fbc49bff7e3c6'),(181,'2018-10-31 19:11:18','romi4171@gmail.com','romi41','$2y$10$ynxbcmUdYLxo6X2FEBw.3uA3v6XKx/xxvURovOO6w3s/TItD/FcM6','avatar5bd9d426b77ef.','2cee8ddd02244d6a5606dfcaf785c4b9'),(182,'2018-11-02 20:21:42','semina.yulia@bk.ru','Юлия','$2y$10$VE1id3KgJ4l6s33fuxS6E./PyYVw20o18bFcdkfLaP5NSbRdcfm7C','avatar5bdc87a61103f.','95995074c26312bb22fcdd435165680e'),(183,'2018-11-10 21:07:24','\'1@q.com','1\'','$2y$10$0s.QH9LPama/x8bMes3wxeNc.1Y1qUxwXZxf3zhEm2ZWSJDoMFg/K','avatar5be71e5c3d32d.','a2d285eea3fcd3217cf1c3903b007b4d'),(184,'2018-11-17 09:20:18','greenwizzy@gmail.com','greenwizzy','$2y$10$A5e2GhLHqDXPqRzFFvXMh.w1uKvm3FhORqEhephDtHY6T2ob9d73y','avatar5befb32229371.','c92ac775f39a63416f8dcb6a8c864ae2'),(185,'2018-11-20 07:50:14','tropaapachi@gmail.com','Maria Mistral','$2y$10$x9pB2aQ/ny3gysPGLVzh2uGZD9s1pUGGpaxEnPmd8b1ca2uUa1wsK','avatar5bf3928640b18.','0e33a663a100795e8a74aea2f8b70d7f'),(186,'2018-11-25 21:16:15','rs.skosarev@gmail.com','Vgvv','$2y$10$wUUbyXNHurlpbhgErcNxgOgtMh5i2r75GSj6vfQS7MZdrMj9EKcOa','avatar5bfae6efbcd1b.','bf0fc8e01f1ad6702455a8ac90ce3b1a'),(187,'2018-12-02 18:09:19','hello@vvs-code.ru','vvs','$2y$10$L6s0HI3bwNX4g9gveua9H.kGa7/XQkcibZ2GYzB9U3PikN.BShUT.','avatar5c03f59f808ac.','f61f948a12a76c0f40403d742e868cfd'),(188,'2018-12-03 02:24:20','superber2@gmail.com','Kennethzibre','$2y$10$ZAoh7ISeT.mSgQYDnXJUI.VgoJYf3NMjq.SbUJRawg.k4drHpV4xe',NULL,'639cf74c8cf2e46069666bb798ea0d6a'),(189,'2018-12-05 21:55:48','test@mail.com','kfkasdkwwww','$2y$10$kVH2rfASQBY266CW46jECOM2rPtymTjUuvhfDr7.n/Ilgt0rLB0ly','avatar5c081f348bc84.','a796993b8d05dfc9638ed465640bf2f0'),(190,'2018-12-10 19:09:12','efrem4ik12@mail.ru','Efrem4ik','$2y$10$PQ17YcHBQaDAQ.BqqzWvj.o3.imdwu/haU5g7puCpzJ.VY9q5hl8u','avatar5c0e8fa80ee8f.','2d1b3042432ccd9a96d8843cb5f509f6'),(191,'2018-12-12 17:46:43','alex-koshara@mail.ru','Rednaxxxela','$2y$10$oCm0CoRMSGzBHFeWUqc7WO0AYfWNkqjNbTbyoVT3IryF7BDN0LOjm','avatar5c111f53c4ff9.','f3f37d5fb9f7d17005ffa9737ab7b9cf'),(192,'2018-12-20 12:56:58','122111221@mail.ru','мисмис','$2y$10$dRnqOuPbCKHncKRFlGWlsuTKOcVr.se2tUie/j4cljJ7ASzeK/b1W','avatar5c1b676ac72c6.','ddbabf88898c34ad1731cf103598d42d'),(193,'2018-12-25 00:10:54','viktorkan9@gmail.com','vitks','$2y$10$Bmt.Rx7Ik4FCUfbR7m4DnePgX39VEgciM5xl5doSg2ySGfECBmk52','avatar5c214b5ebec33.','4d15d37cfccc4ecb458d4936700d27be'),(194,'2018-12-27 15:45:14','dimondep@yandex.ru','dimondep','$2y$10$i3mpt/oRJHsfBGowLTA9WO3sgfs4TFaqfdAH17XSj9IP0f.O6C/Bm','avatar5c24c95a4c4b4.','ac22e15f068f5beac18b9879e0d586d8'),(195,'2019-01-10 18:44:47','pavliukdanila2015@gmail.com','DANIL PAVLIUK','$2y$10$QzmhkPTYeslkmp.n74PwLOVpnv9shENaxPz2ze421joPu58ExsfOG','avatar5c37686fa25a8.','64819c678f3c1a5e69e53fdf4e27c72c'),(196,'2019-01-16 12:40:35','test@i.ua','usava','$2y$10$XH8oKcmOcULy7dviUEiXpO4axaI90k/dTWipt0gTFVVo47/5WNvy.','avatar5c3efc13dab06.','ce393418288bee9e8614ce0ae6ecb225'),(197,'2019-01-19 12:58:13','grybovsergey88@gmail.com','lil-den087b','$2y$10$Yea0z3SNMgzvQ4uFYX2pb.sh.SIddWQdDDlbFUjF28VsL7mQ6xxbm',NULL,'51312e5a1383ab89527fb3e5c80b92e1'),(198,'2019-01-21 16:52:46','buffythecat@yandex.ru','Buffy','$2y$10$xhxtrHBtzSvoZj/YvOXe0.gLYSQL5fC5jdOcS08xRuY915Il/j/2C','avatar5c45ceae63465.jpeg','59e805cb12a8df34fa8b4ad7dfcfdec9'),(199,'2019-01-22 06:16:08','benassiz21@gmail.com','Vitalii Bondarenko','$2y$10$6bDIpEE.yxqs.pdtxu/AhODnszY31NOAE0or8QjuqReCsWwVDJVly','avatar5c468af816d91.jpg','ab18432b9a00808e7cbde2202cfbb8c7'),(200,'2019-01-22 14:38:40','dsh@gasd.ri','выа','$2y$10$2xCNjvnvB/0PLE5nsgGLSOyWlDE44UMYHGyVmQTTgeJcisjwb/TsO','avatar5c4700bff1aa5.','52ab6657228f66f42f2f890d382cec72'),(201,'2019-01-22 14:38:44','dsh@gasd.ri3','выа','$2y$10$.0e2JeVsXnt.9o2sPypaveTMxDxYWEuUE4a2nQq/rfr6KJE2xdN0C','avatar5c4700c465f24.','c8dcb5fc0f7a9a84d863692669557535'),(202,'2019-01-23 07:53:55','re@ksjl.ru','sdaf','$2y$10$d/AZWKET69eoHr7oYmumqucMETc2JeTr7hYMRbG/fRTqnifKeP2iC','avatar5c47f363aeec4.','80c494a067cbe8c21f58a388cd34e74c'),(203,'2019-01-24 18:19:11','ma@ya.ru','braaaa','$2y$10$9jxm60t04zQy2PiDENTnV.HjqJTHbY3cz/arySJ8juScE/jGDYnWC','avatar5c49d76fae248.','5cada373fc0854e311f8e981f95a17b8'),(204,'2019-01-25 12:06:15','11111111@mail.ru','Steppp','$2y$10$zc4yUtfVFW4yuQTmQZkefO8u2zQ2N7MAEGxEVj4Ck42JB4YKovV3m','avatar5c4ad18729caa.','56d01610e2b4553bdaa5e26feb393b64'),(205,'2019-01-26 11:02:33','ere@mail.ru','Egorik','$2y$10$OVK69dtmBu87IxBBIPEjn.l.laigyryQ7sAlpWqQsmmkeQJHVfwqy','avatar5c4c1419d5526.','8b50ad93d16a6cba8c4542a9596a7947'),(206,'2019-01-27 07:18:37','shamrykenkokatya@gmail.com','katarinax5l','$2y$10$YUBkXB77OwM8NuhqZm.NCO6Ud3HIgbg01bqkl1y3IrGQEQhLZqGIi',NULL,'9c86caf81d6089a0edc53f6a16955575'),(207,'2019-01-27 20:05:39','123@123.ru','123','$2y$10$HbVfXReCDPvN7jA92DA3X.Hf6trgyjEJKx4MOY3XKisAoLiJD4JVW','avatar5c4de4e33ac5e.','66dbcd116980fa478bd507459ac5bc70'),(208,'2019-01-29 06:23:13','putyanhinvasya@gmail.com','olga_f_p9','$2y$10$.BLjEbSmxl48UaY844uFP.AGnZH3Bg0UGVZtWFSKXPpma/ZNkabDe',NULL,'c8b066aa746664836096951fbc1fd2a6'),(209,'2019-01-29 21:34:46','koptevandrey88@gmail.com','oaiwdtvx\r\nb4','$2y$10$RGYOmCp17QJ5a6xNUrOeJu97B.oprJFvUmrjGDNFMbzohHj8lCGIe',NULL,'2d6875b82f4799b857a5d59c0f9f08cf'),(210,'2019-01-30 20:57:27','test-ttt@example.com','12345!Abc','$2y$10$U/Ef934oOxP5VYCT9cyWOOWdSTbHu.wvW45IRzyCub4sOrP2krfYC','avatar5c51e58784cb2.','9367b1338f1b9f563357a994b9aac5bd'),(211,'2019-01-30 20:58:53','etokot@mail.ru','etokot','$2y$10$N5YW1MAY6ftuhbgU7BLg5OwmK7t89il8t79nDJIWgD1ZKz6t/BkgC','avatar5c51e5dce632d.','64bfe32a4173caf0c1b13e5272a20203'),(212,'2019-02-02 20:17:28','andreygudymiv@gmail.com','mama_113_1137','$2y$10$kyeLlfJkAGPieoWpwwov7.QlLfNbWa9Mtmx/VKxOgEjO8c6MaZFOC',NULL,'a83286273b16053e17b2dec0093d8be8'),(213,'2019-02-08 11:11:22','pilotingaircraft@gmail.com','Ivan00','$2y$10$C4nuqGZKSJEnsbkotUI4Vu.WwMxdxw5yUPi1DLuVhuY9hhjaE9yTu','avatar5c5d39aa1f9c8.png','46188c3fd367832755e886c8ce3b2676'),(214,'2019-02-12 20:57:56','egoson@mail.ru','Egoson','$2y$10$scu.gU5n1f5wV6EWWQczCOkRFE8cCcf535vjUt8agtxDkml9mRpbO','avatar5c63092420e00.','546fcf01b8de6f8d8cef3dbc5602bf7f'),(215,'2019-02-16 11:08:54','bajjramov.vladimir@gmail.com','вар','$2y$10$WEDa9S/KPi0hSKt3lbgCQOYHVcMLYayyaai0k2karP5MN0Rm5g06u','avatar5c67c516b7592.','3f4f47ca043136eda3f50989bc9caa03'),(216,'2019-02-16 17:41:31','wotrotube@mail.ru','...','$2y$10$6WezvqjfxNj0IIFKUCNYcONqHITEa4f1PEfPNQcwcNHUaMqNVtnC2','avatar5c68211b7a933.','6197105b19816307cbe3b2993cbec05d'),(217,'2019-02-17 11:18:30','bur@mail.ru','1234','$2y$10$EaI22iZSKYuQBIBpZpdwmeMzu8fYQy6PP1lYfVmUJC5dWfN8f12O2','avatar5c6918d60aacb.jpg','3d105f22e584aec8c9b11b9435d63116'),(218,'2019-02-18 16:16:25','mpohilchuk@gmail.com','Vanhelm','$2y$10$gsrGNW60OvtWPpj4O18rqu5LIbDSowaCD697WpzZvOeS7XUw4gjYW','avatar5c6ab029dcaf6.','3976cd316c4e3e840c2b88cc8bf39075'),(219,'2019-02-20 18:30:58','junior-format30@mail.ru','MeyTed','$2y$10$OKkY0H46Y7L8NNKJIc4WB.ogNY85/OAh/la1AS/C5iz0Yg7azS9DK','avatar5c6d72b2093ff.','03c983670c077e233b9a710b4382a38f'),(220,'2019-02-21 17:35:20','va0390@mail.ru','Анастасия','$2y$10$KlhFhlEvlRPgqFRpxO0qe.d0YANxSeXS11wi5vHgj7TYUn8kNGn4e','avatar5c6eb727efdb2.','599079422d0591f9055db02d849d1ff5'),(221,'2019-02-23 16:19:56','superexpulsion@mail.ru','Svatoy','$2y$10$N49aXxMGYY3JtH8M/byKBOqbIsecg4o4lPOaDfXk3I0U2DoTefMoa','avatar5c71487cdd2cc.jpg','1c9feb20c11c27d013fb862cc685f276'),(222,'2019-02-23 16:38:22','glotok.2000.07@gmail.com','Gond*n & Pid*r','$2y$10$fVInbMe7GhbDcLZCJWGNDePYUMCjJoS8Tvzvp7Lega.Peuslu8FTq','avatar5c714ccebeee9.png','be364473c852572760402bbfc0ff3e60'),(223,'2019-02-24 00:33:51','_qa_0404144638957519_DFPS_test3qa@yopmail.com','201111154','$2y$10$vxO57r9GmV1YXk.ISOCZ4eCtKQRd6lSMkkhUM2I6VMoHbIE.Fr1uC','avatar5c71bc3fbac94.','2af127ddfbb8dda9bff3bbaa6ba5ea3f'),(224,'2019-03-02 13:35:34','osipova789@gmail.com','Zanoza','$2y$10$ObBFlOhujwqF8mAiH72F2urIExmtnCPxbC1ZwqgTYHeMJQPZH4fWG','avatar5c7a5c7620149.','6bdd047a93890ff0f4d710215ab03f8e'),(225,'2019-03-02 19:53:01','abcdefg@fsdfs.cfdsf','abcdefg','$2y$10$F0QGPam72n.ziJg.moB.9OQpCenE8ny7ckr9z/pGrnauu6RMeKUlG','avatar5c7ab4ed7ae09.','c51b67a347f64a9ba0ffc3a81d4531aa'),(226,'2019-03-14 03:08:29','ashnoobs@mail.ru','tret','$2y$10$WXjtWgfi1RukItApwoBByuLIvGD3Br/H8n1JNXw7VBYX/P6SX1Qx.','avatar5c899b7d42ab8.','9724eebe84a9521ca7fc7ef9cd900080'),(227,'2019-03-15 10:24:11','pukan@mail.ru','вававава','$2y$10$eDJC.bThTHvlY3jr38PyX.4SyvYCo3p4bQPMTYt9DvOzWjSkPri3a','avatar5c8b531bd83d7.','28602d639dd600e26816ac98cc59ebfd'),(228,'2019-03-15 10:24:55','sobaka@mail.ru','PEREC','$2y$10$X5vFy4WYMB9IWweOcwFoC.vRQzGjYrd0.ImeAgZMllwcArU6By/GC','avatar5c8b5346e294c.','143ad6571225a3533fa9f11c5cbd53b8'),(229,'2019-03-15 11:36:35','derrrrrrrrrrrr@mail.ru','Lox','$2y$10$92A/LChJEDQldGU4W7KGb.qMr1j/UBzYwQfBBwOm4klROBRVD8HM2','avatar5c8b6413bc037.JPG','313009f376c71948cf457e87e160c365'),(230,'2019-03-15 13:56:03','el.hasiev@gmail.com','jimbo','$2y$10$NrlkTZF9jtHRCgmTLsYq7u/EPHLuJFi38krund.L5rgKUIsWkFGM6','avatar5c8b84c35e76a.','1acff65004e47c26e1df03713c77d2ce'),(231,'2019-03-18 04:22:34','ibrohim7840@gmail.com','Ibrohim','$2y$10$XPigARzCLyUCx6yLscsY0OXojPad84nMtQd0S/G.lsqh9AhzDvEyC','avatar5c8ef2da1d8ff.','60d920e6eae1bb48b20b65a5c2ec2346'),(232,'2019-03-20 12:26:24','ewrwe@mamam.ru','wrqrqr','$2y$10$.8s/AQeRj94nzfIlZjLuW.mlY44/JUNJJi.jI8mDkA/OkpBz7u8OW','avatar5c92073fe1d51.','46bb31c7e93bdfebc347ec9515f8859c'),(233,'2019-03-25 11:15:23','rus131354@icloud.com','Русияно','$2y$10$pi88oxyXKI6zNEKpXT/zVed8fxLBeUU513paG7lCWLkOBOb0c0XW6','avatar5c988e1bc66c8.','4ff6b0ad5c04d5b5d70f8fddc69106db'),(234,'2019-03-27 12:44:57','shev4ik.ua@yandex.ua','sassas','$2y$10$SdFNJWJ/DjUG73LB3uJGhOj8FAmV.336PTPMn49GYm8J29uPZep2a','avatar5c9b4619db214.png','2057d2d0e2daca9fa01977a24c538186'),(235,'2019-03-28 15:37:50','forotherstuffs@mail.ru','Sashka','$2y$10$WwtdTweRagjoYN0V/9xh/.naLJHqx88kIktEYwN1PHxJQxGgkmuL.','avatar5c9cc01ec83e3.','696f1a035fa5c9ad16252d6ee21849ad'),(236,'2019-03-28 15:39:05','wqeqweqr43trdeg4@mail.ru','123123','$2y$10$J94XyrOqF0gLHgHxQs3CNe71nTTgfwIPd9fyykX/97v/yaXX4AhVy','avatar5c9cc067d2053.','4551f838c769aaf1a89ba45087c2a54c'),(237,'2019-04-03 13:32:29','name@mail.ru','Zzzz','$2y$10$6gQ67dlSCfLU/vXxTMhjquT3n.iu0HhPdhl7oq9reAP54Li1yH71q','avatar5ca48bbd6a6c3.','75c6f8b652604ed8884133cd55076f92'),(238,'2019-04-04 15:50:02','turbo3.6@cn.ru','turbo','$2y$10$AZh7Ixk2kQIMMA7yU9T0fOksNw.K1lVced95TFvbnk.vyRmyvxwI2','avatar5ca5fd7a232e5.','df7bb0d44cd040cf803ed69ea01442f8'),(239,'2019-04-07 15:29:07','nuibhuug@gmail.com',' gjvvhjhuh','$2y$10$ZfbdLOckG6FP9ZYcP24f0uOaEuK5gSrf65aCInVsTPVrgYU8jMisi','avatar5ca9ed136f2c6.','e0694c7b425e8c578a44ebe39770581e'),(240,'2019-04-13 21:48:45','ilafilonov4@gmail.com','relecteve','$2y$10$CArgvNfVXulxus03Fc9uhO1iE4IiGxS.9wNVjuxs.6X6RfFeARlSi','avatar5cb22f0d3c74f.','47f9a40e06b4ba65ca8e3fa913e54c84'),(241,'2019-04-16 10:25:12','1@1.re','1','$2y$10$b.iDYSfJ2jtqqUF9L8LXw.zbG7.jPxpU1bZkPoL0wRTaLXuZ4Jb2q','avatar5cb583581f3c6.','ec6b49acf5a3792069a37158b193d919'),(242,'2019-04-21 18:11:56','khaydaralikas9@mail.ru','Jameshog','$2y$10$dvVKaaVSMA7HvEpYRA3Cye/BBndU2lPx6p45.o6FC82NpOJ2L6/a.',NULL,'e305d63771526e280a7af6734572928f'),(243,'2019-04-22 16:34:11','wendem@i.ua','Urinalk','$2y$10$axYyREdKHcSmmntFzZtJYuL1vThlxP5gfSkUSEgvYGceqg3rKlySe',NULL,'d4bba66f0e1513a74d149a04ae723ddd'),(244,'2019-04-23 07:30:43','4e7dfdg@yandex.com','Xentauth','$2y$10$1TGGd9JGP0H93hzCFt9G/OPcBNK1n7x1VaBj9Jd.A/CUQ8XkWNmha',NULL,'ec0fe5522de47c20046df1841193403a'),(245,'2019-04-23 08:37:19','csuox0q1z@gmail.com','CharlesTog','$2y$10$R/Ks7lmnASWbeH7eRoEpT.RiibpHcpxOum6pci4I5ZEr0tQQt/oqW',NULL,'308ba5bc2400a95a5209724162100335'),(246,'2019-04-23 14:51:09','acqqn6v8h@gmail.com','CharlesTog','$2y$10$pW86.w9vZHpwdpxj3c5A3.RjliqdIJEjOWVjhZA.BNZepKEBL57fC',NULL,'5d9ba632973d65b7479ec0f0fbb60672'),(247,'2019-04-23 18:34:23','jtauz4n7e@gmail.com','CharlesTog','$2y$10$UdTpFdjroiYXZubkL27u6e077bxOq/mdHvQGdR2cpTtrh.KKQqB1q',NULL,'ce285e48aae30745f10ad896e04c3e0c'),(248,'2019-04-23 21:38:02','iqkxe1q5m@gmail.com','CharlesTog','$2y$10$UBufAdQHGJmFw/aTzvw4quiEtxuR6djI0K66Nabkk0pzHoigUTcAy',NULL,'d5aa174fb6e336331b1f2449bead6804'),(249,'2019-04-24 00:35:50','bxdey2m7j@gmail.com','CharlesTog','$2y$10$ugEhxnQStK0NhXL67VIakehP7ffPuw0NoVdNs.z2LbA2jAhMl8nie',NULL,'de222285f3f652b5d8ad07d90473b45b'),(250,'2019-04-24 03:29:44','visjl3k0s@gmail.com','CharlesTog','$2y$10$aRdC931xsUch23oDD0CgBu2cCT9Jb2Q2UtRlywXZ7PvdpbvM9f7B2',NULL,'bd28c6eb98efd2655b2ff0c59e3d0557'),(251,'2019-04-24 06:28:27','hfxuk3b9l@gmail.com','CharlesTog','$2y$10$J8lSbncGhdJq6b42gJmlnu.C5mn/ozvE1IxE6D0RQv7qNZXfMuCQm',NULL,'fe4ea485d4f648e06f0d2e050d8c68c1'),(252,'2019-04-25 20:50:48','qcuxl4f3l@gmail.com','CharlesTog','$2y$10$/.CKSMvojTJyh/S2CJSWBOKXkrBF6wRf9Fk8SRzHS0gCtVUsJi0HS',NULL,'ad3e0f927ba516021c42cf897f155bbd'),(253,'2019-04-25 23:03:25','fecsv5h7t@gmail.com','CharlesTog','$2y$10$517xA3MYK4.MlWdM2kCMfOz.kdSRZ8R0dglINuH0VNyA9rfshweRO',NULL,'9766f113fb76ac79d9a05c764f218682'),(254,'2019-04-25 23:34:27','drebkab@i.ua','Ulceshy','$2y$10$6I9ugoNM5hiUvGBpQTnza./c7MMW3fMtAPFKbiauvFTGqSqGEiqO6',NULL,'654853560ec59c312000eeeb942188b0'),(255,'2019-04-26 01:12:11','srrnb4i2p@gmail.com','CharlesTog','$2y$10$C5LsYBwXEcvGj8hc4VebS.e0YNVdcfqaRoCbWNB07/mxBGdyj0Ewq',NULL,'a4b0d2e2bde2f44354d82a60f088eaba'),(256,'2019-04-26 03:20:24','ccftr8f7g@gmail.com','CharlesTog','$2y$10$aRiyPfGrwUoOeNOsoz46BuFjuexyOhQ63FLtCn0IuZczZpRYZykEm',NULL,'9896d29d793667f0a12b356b5a674bf6'),(257,'2019-04-26 05:29:54','ygssj9v6d@gmail.com','CharlesTog','$2y$10$YxIUAbAh.VjDXhld1FWYaOu0SmlcQasvZQ4/n8svGrx/L4H5.d1bK',NULL,'26f721f91695c38fbd0d51aa46b0d2d5'),(258,'2019-04-26 07:39:11','rcbih3e6s@gmail.com','CharlesTog','$2y$10$YOCcHgOZHZBTWABx6Byb8.mdEVOGhq9yHEBbrhwppsgLzmgN56qUO',NULL,'d7ab922d04a3523656876430c70b4bc7'),(259,'2019-04-26 09:53:41','bniml7k8u@gmail.com','CharlesTog','$2y$10$.bAZ67eDswiUJNJF5yM97u/baAe2/DShRiiXatGxUQB.RX7e6dq4W',NULL,'766540119dd1a38b582a01057511b70f'),(260,'2019-04-26 12:07:58','yvqql1z3k@gmail.com','CharlesTog','$2y$10$fD5aY2YBu9DanHxLOBtyV.yfvDXYLz.ph6AkYNPMj.vQwp2fWr5iy',NULL,'c6363e6806b0cc16c9ebb1b71d0609f8'),(261,'2019-04-26 14:19:19','nbvqg7k1c@gmail.com','CharlesTog','$2y$10$Px9nCeXd4QKrzZNJyRROU.SrNIsfUfi/ZIP.OhKFmqiGDKLX8S32m',NULL,'7fc080128412eb12f20893992016f8b0'),(262,'2019-04-26 16:33:58','khepe1c8z@gmail.com','CharlesTog','$2y$10$DnoywT42GsCdy9jgwa2xn.OLkQRCm/RSb6tXvNzwwMmIolVnqmQbq',NULL,'a3d4dfca3898427303988eeda63c710a'),(263,'2019-04-26 18:51:25','mdolf5w6x@gmail.com','CharlesTog','$2y$10$SikXoc/zRy7BWGjptBgcWehVCF7Pds9GBJSGZz98zmlhbZbYVKLGW',NULL,'729e4e66b2c55d1d0b6b37f44aced7a5'),(264,'2019-04-26 21:05:55','vaccp5t1v@gmail.com','CharlesTog','$2y$10$.Y3BVjbMSmHOueChZ2JvRu8XfuQ.Gyl1Gk.u1IjN5OCQPtRJVWIYK',NULL,'8e4707f932af83cee281b03830e127dc'),(265,'2019-04-27 08:50:25','rufmb4l4a@gmail.com','CharlesTog','$2y$10$/uJ6B05mSXt9lKvUs2YYyeFbqZNYwcbBsVWAhP29kdzP5OVvW1sWG',NULL,'effd79af0440ff4bc4e736d8c274f381'),(266,'2019-04-27 11:07:30','nthyy1b4a@gmail.com','CharlesTog','$2y$10$hAN6hUZEAPsWKUGHP4n92unxn938gjl1LkqcUo/Jx8P7AqJCf2fa6',NULL,'95357e2f3b0b95414205555cb521442c'),(267,'2019-04-27 13:22:23','aggdd6p6y@gmail.com','CharlesTog','$2y$10$w6JgJ4m1uAl4ikL5DNze7.tQDewT2v032AFa9TfsBVN0ubZtwiXra',NULL,'fe4dfdef2b8658af729eb56b6d9aba6c'),(268,'2019-04-27 15:37:15','upigg1b0o@gmail.com','CharlesTog','$2y$10$RoSks681uNwxUJfj7/ux4uQbKG3yQqJpPIbq0gtwDB8HQSVbMdGtC',NULL,'1a2ca67b69068354f5a2fad4430dc41a'),(269,'2019-04-27 18:03:58','tgcdh3m3t@gmail.com','CharlesTog','$2y$10$Ap18BBQUKcQXmGGhcDwMwOhGWjagSYXVep38XTj4Pyi/NBBrTpCWG',NULL,'7cf44094aad4a2116531ab8ce9f9db1d'),(270,'2019-04-28 19:19:07','jzyuy8v0u@gmail.com','CharlesTog','$2y$10$/LzxU/0Ajy/b6uEr8h9PW.yZFtDM9DWC0yispe1B5DxVbj1Ovdf0C',NULL,'a2de95f439098d6ca7a1f536b942d98b'),(271,'2019-04-28 20:54:17','avril.jewelia@0hcow.com','avril','$2y$10$wIro3eREfdD9YuyjsZFxrugx8KkmfHByBcx.TZHSK.kFWrZcqc7Ia','avatar5cc5e8c8d2635.','1701149a1aa474baaaa23affeb8c1f57'),(272,'2019-04-28 21:08:01','fheso7z8g@gmail.com','CharlesTog','$2y$10$iTYqd7FCY9ZuXaS27vXu0uNrr6Q/4vIIIusswo8Obu.q/nN78LcTW',NULL,'6709c70857c00226ee96dcd69fc33250'),(273,'2019-04-28 22:55:30','ydqdj6b2v@gmail.com','CharlesTog','$2y$10$gqigPN/O.hw2.TZ6kWZMjO4FNgLoFueCv9bdNlScXqjXfmF4TuwVa',NULL,'8e54302cf9a9274398da4fec415fe88e'),(274,'2019-04-29 00:41:45','tyvdw7b5v@gmail.com','CharlesTog','$2y$10$F5R8pY0JGC5gBU69jo6M3eIFtT.L4WeTJKI9FnOoelGm0nfnVagLW',NULL,'e6d33dc4f30b2dc9df2028c3d08cb465'),(275,'2019-04-29 02:29:01','dcduu7m0o@gmail.com','CharlesTog','$2y$10$0EByzkwWaSAp/c4XylONqeQK3mVm34Zx0oEP07FiUiTAIIkEuuq2u',NULL,'5557c79a91b592df77ae5a7ee5a0fc48'),(276,'2019-04-29 04:15:55','zznpo0h6p@gmail.com','CharlesTog','$2y$10$E7pdb1iEYH9Kwa9liMC/de12T7s5H9CvQwtGK442nOqWv1P0ZGoeG',NULL,'f38c8c2ee9265ae51cc230f1c4f9b5e3'),(277,'2019-04-29 06:02:31','zvhma8t9k@gmail.com','CharlesTog','$2y$10$oHY3APN4nxhNVy2YnbfmCuUkXyBkBTksTCEpF4zMZk3c3ktFmwsiq',NULL,'81a56d49186f7cec59e927dec9d562a5'),(278,'2019-04-29 07:52:06','uqwnb5a9o@gmail.com','CharlesTog','$2y$10$o1js/0GVmOWMtbIkXEjeWOMTCwflZXWGsvk8B2WXEfjLWsLrEmJV.',NULL,'355acb49576a8d5725dcc53b67c8da5c'),(279,'2019-04-29 09:41:28','aeisg2t7b@gmail.com','CharlesTog','$2y$10$.CL/TL65p7NmeS.5OswtF.1ITczc5vhFbpcjonvgPtVS2A9ipzUDi',NULL,'a7c9ebbf7872a0c138a898991560105f'),(280,'2019-04-29 11:31:13','xptvc6j0t@gmail.com','CharlesTog','$2y$10$BaqXHGInnQALYt6z8sWWjOeLP5eKBUIPXiBmfY5r2XLJoOwWKydoW',NULL,'8c6853f410079a47de582c70d3fc2940'),(281,'2019-04-29 13:20:38','ckevu2t3z@gmail.com','CharlesTog','$2y$10$dDBE0FGjpOnuFUlxQh89ruwC0XXh4BSDc.6QO0jG1RIl.JOeu0hea',NULL,'ca5c557814982f656b58f383203cc640'),(282,'2019-04-29 15:12:19','zyplz0u5q@gmail.com','CharlesTog','$2y$10$RvmEfFyxh25j7xyZvci7CeCfQfXNPlorL3lBAx2mHUaTyHqkpwSg6',NULL,'e466623128a3bc5a5e2e627dfa49cdb8'),(283,'2019-04-29 17:06:52','yqpdn9n7l@gmail.com','CharlesTog','$2y$10$xy7.P8S8CdjJKBHMC/u6SO4nMP7VgwbHv.QlEbEhf5bxmTe.vcBaK',NULL,'74744029fa6ac7267af5ee34993ea7a7'),(284,'2019-05-01 20:47:30','dxmub8r1b@gmail.com','CharlesTog','$2y$10$58SHTciInl1rnUrhM9oa1uoiRw15nvmW/B2BEyXaGJNifcSojJgV6',NULL,'47b1a60a42e9d0b5e677c0a14f65b626'),(285,'2019-05-02 01:15:50','oenpy6o6o@gmail.com','CharlesTog','$2y$10$uPLsDFIqWe6mzFYjhDFPSOvShay/gNOcthJaoWactrdMgQCRhgVCS',NULL,'b2fb21ee8ef8a6ebb618a929e56428ac'),(286,'2019-05-02 03:22:32','vrywk8k2s@gmail.com','CharlesTog','$2y$10$Sg5PQ9Md7NjGmRXDBbzGtehDLNT/FylNYp8ItA.ghnZH2Y7gzSp3u',NULL,'b06befd36600fb54c1a4012703f45123'),(287,'2019-05-08 12:07:19','mdzjt5b5q@gmail.com','CharlesTog','$2y$10$u6zR/rpimOLrjc6sxWqWQeQbbB2BCH/YhklFvklRwXVRhkvN7UvQW',NULL,'b6401d3a3535789f61d23230dfdeddf4'),(288,'2019-05-08 14:33:20','uktla0m1w@gmail.com','CharlesTog','$2y$10$lYFyG0IM1WEFEdeOiTT3P.3TwVB6kWv//8JciPe4AVTM8kXm/oHlG',NULL,'380e8107743bfdc8287c2db99c006503'),(289,'2019-05-08 17:02:05','bmzhj7x3a@gmail.com','CharlesTog','$2y$10$tluWF39smCWjDM6a/gBTouH22NqjnB.HP7GfqgrhAWzospC1gs03a',NULL,'ccceeaa743cee35df5a9f74ad574986b'),(290,'2019-05-08 19:37:31','rjdfw2e5e@gmail.com','CharlesTog','$2y$10$xDs7X9MuL/fJqNhZyULcqOsf8wr1oJt0S5TGLUYO5ur3X4D1zcLxu',NULL,'012cf62a130528ad161c79d85a0edd72'),(291,'2019-05-08 22:01:11','sdvfw6h1l@gmail.com','CharlesTog','$2y$10$vMckOjGATweWSBQOLRyxNe5Ku.pLM.Hy3LDyDZvQD9EASJ5lwdFVK',NULL,'cc348a004897656ba589ff083b059de3'),(292,'2019-05-09 00:45:31','mxdgu8t8f@gmail.com','CharlesTog','$2y$10$kx4sjEwIxdRCP0XANLvxauWpcs2fzR36l.g8VMv1Wz6nI37cfiHu2',NULL,'0e686be646764107701eab4a45ce912f'),(293,'2019-05-09 03:14:24','bthjy2z4h@gmail.com','CharlesTog','$2y$10$7v3r3hnbydosHmU7mDsBrOqn6SgiAiM6x67d8Wdm6OJ8BgiSOt1WK',NULL,'e84efb47d6cb6e89c40ef59f388d5f79'),(294,'2019-05-09 05:34:23','rvmvs9y0m@gmail.com','CharlesTog','$2y$10$GSQCtvQFWMfNX2ge1wBEbOqxLkPid3znlvG6dvZakzJF5wDikEDaO',NULL,'8e9b07b5efcf7081fb86279b95644fa2'),(295,'2019-05-09 07:58:34','ewvbr0l0i@gmail.com','CharlesTog','$2y$10$MTQn.P8mKyQl1ff1AkdteuNQ7gP1daCDcMJrCfDQkjBddhSelwWuK',NULL,'8142e582bd0cc7e1be0ff4e727ded76b'),(296,'2019-05-09 10:11:42','s@s.s','s','$2y$10$Gh5GFK2qjnTEVZX1nUFpQeK.YI9LaTc2iQCyiyQ9ob/knVopIVmzi','avatar5cd3d2ae89929.jpg','4fef5d3214c891e6ce450bb90c9efd66'),(297,'2019-05-09 10:32:29','wowev1j8f@gmail.com','CharlesTog','$2y$10$vD1StutgoVjC3LriWgyyxuXjfuIc7lEO5vBh0Ky3XZ05UniKqC2VO',NULL,'2a507ed5402500dc8ab72f8324f6b6b9'),(298,'2019-05-09 14:10:27','tscsb2z7e@gmail.com','CharlesTog','$2y$10$Hw7QcK/4ILPcttIznJF7XeQ1.TAQmfmkGW2RvNoFTxYMPX1iVbJqW',NULL,'4f7df393fd11a19c2d5c0a5f8acb68cd'),(299,'2019-05-09 16:38:10','xpoyq4b3m@gmail.com','CharlesTog','$2y$10$h9pGWa7NaYiIlxrSj5fpuO8shXzwNU.UvP8PTS6BUArsvUb7IRPEm',NULL,'bf5afef784cd29d731d18e4dd8429671'),(300,'2019-05-09 19:15:44','jkues8m9x@gmail.com','CharlesTog','$2y$10$txp5dqvyiTIvexQ4DBrN2OHttyEykeqt61iF6RYG6ZsnQIPyX/rfa',NULL,'2d067637cf6bd41b91a0dc2e48815faf'),(301,'2019-05-09 21:40:29','luriz6d7x@gmail.com','CharlesTog','$2y$10$G9HHEylmN/GzUm1GnZcfXujXh7ivqxL/71QytcdoFsPi7YOPglLaq',NULL,'563d00a733ae02a32c66abfadfa82dc3'),(302,'2019-05-10 00:04:16','bkceo5q9r@gmail.com','CharlesTog','$2y$10$6rU/7Z8flqQl6uMtZTeqFe3QemFoqy2JYXjgFgyqSfKXvk5hDAPM6',NULL,'0ddb54548893a22c1e3c013176735cde'),(303,'2019-05-10 02:25:26','yxeee5f3v@gmail.com','CharlesTog','$2y$10$acF8BFGDy2Y8Y8L1xfK8X.PeGLuGaXrWjq.PF0.7/3pYYh6oM7ReO',NULL,'98cfa0840f093729f4ab16d3a75fa6b7'),(304,'2019-05-10 04:49:58','niwgz0i0m@gmail.com','CharlesTog','$2y$10$9MwM7MDNe2rfZi2HfzSgQuFu5HXny8wy9pjQHRkB83HRwRD.Dd5au',NULL,'a1f0e8479ebca74b6a4fd2c740987b02'),(305,'2019-05-10 07:13:31','kolvt0z9w@gmail.com','CharlesTog','$2y$10$d3vwy1aELYU.Meyii3YyP..3xUx4FcMpwWM/HyiEnmBsUwTn/wzjS',NULL,'2df1bd041929cdd0c1ec5d162466350d'),(306,'2019-05-10 09:43:26','mqlxs1l2h@gmail.com','CharlesTog','$2y$10$huZ70vaG2SqoKk1mZY0rZ.fHWAqeF1Xes.MpDnb28bH1ijFkkYZ4.',NULL,'37d9ef4b02ab57b09589aa097846cf6a'),(307,'2019-05-10 13:08:21','jymdz3u1u@gmail.com','CharlesTog','$2y$10$zCwNTKmVPZJgvqBgAGVV0eOHYJPeCVRirj4M.ljCBHB0Yl.6sjx4q',NULL,'a9ef461dba886a14cf3784cf913da57f'),(308,'2019-05-10 15:28:17','mldbd6d1m@gmail.com','CharlesTog','$2y$10$SHRhQim7lnG5JFnzW/CTuOmF3oeOwjF6MDnG3aXLcBDvvRKeHajOO',NULL,'c7700361c3d82e287d094626e3b0eab2'),(309,'2019-05-10 17:53:54','vpmef2c0b@gmail.com','CharlesTog','$2y$10$v6znRX929ZX.bl0gMC2VAOe/WqSDEtuteRhA8SSHkO4yR3Ksq3Po6',NULL,'682803e57d6dac7b40f41e9f6ee21443'),(310,'2019-05-10 20:18:48','gwetq3j7g@gmail.com','CharlesTog','$2y$10$hYomGmkRMQTAnBP2UNbDE.ctnZ9eyBKeu8qFsFj1NOsUPJaDTrhSG',NULL,'2e5ef1a1e099b33b83fca0ef6dfffba9'),(311,'2019-05-10 22:34:06','sfzfm7x3e@gmail.com','CharlesTog','$2y$10$24Q3FvVoXpqHiUy1uK8uPOpiFnQ/EsCZ09fDHscYIz2/cJc.NGcTm',NULL,'c89f027b168dd765e4572738c4482f53'),(312,'2019-05-11 00:46:31','bhmeu4e4l@gmail.com','CharlesTog','$2y$10$.kdOYwp1vWdHcHK.DTb3A.6T5iFN5/dWSmteLebuuqc..uAtSI.hq',NULL,'7daaa5d7bcbcd240e428b2cad9d3f8eb'),(313,'2019-05-11 02:58:20','tfwhg3i5x@gmail.com','CharlesTog','$2y$10$sVKKsIHL6AZRzCD/XI.MVegpiREOo3zrsxSEGTUyVUwnK6LNKqxMS',NULL,'1dbf6fe810cd75ac9777d22b0495270b'),(314,'2019-05-11 05:13:58','efxsb4j2f@gmail.com','CharlesTog','$2y$10$ZfxJed1F8nFN1AGO7BF9D.2HqdDzuDh4vy59Vuk4lmMzuqaV2D2Ca',NULL,'b4008ad30cdc386c9c27e5eab2670527'),(315,'2019-05-11 07:32:10','eyqrw4f5i@gmail.com','CharlesTog','$2y$10$qbboc8caCG0/qFlfsnBGLu02Nn4qyiRhc1G82XqzdRwY2BkQ5/EWO',NULL,'53febf7713d878a89d88c8ba0c57faed'),(316,'2019-05-11 09:58:04','mwnig8m5w@gmail.com','CharlesTog','$2y$10$RJIzs1QtUnEevxq.SqqU4.mh2gsALGCw1pxd2gB9jYAVEfNpj.cdy',NULL,'3cc2a8bfc679e1b259fb5b23e31cbeb8'),(317,'2019-05-11 12:30:17','jigub8w6q@gmail.com','CharlesTog','$2y$10$ltXYCCfLDXvobP.0z4XfoOrlj7DIigt4Y4a7BPXRXVqQ/EZsGsXkK',NULL,'fd1cfb41149a54c00348ccbe374724cf'),(318,'2019-05-11 14:52:21','uexls7b8h@gmail.com','CharlesTog','$2y$10$furL4q9LEpqKtyAxM52iTOPCSDWmWk6zoria.NJe3p.SMPCF8PZUm',NULL,'684865d946038a5247d6ab7ebfda1146'),(319,'2019-05-11 17:19:50','kvfrm3t3e@gmail.com','CharlesTog','$2y$10$A56SoNS3Hc6FyHWgwA.3QeMaqqUkG7DlCtJ5GRnLVQrOjaMAiMOBq',NULL,'5a435382a06d2893d83031a3d016c17a'),(320,'2019-05-11 19:48:03','zpqgh5v3d@gmail.com','CharlesTog','$2y$10$wCvZvgy4HlxVau97lK1ZMuWGzd6HrQ/16lbI7JHpdJTPAFSl4tS7O',NULL,'c129a44be816f3ac8e34c7ea593323ed'),(321,'2019-05-11 22:09:17','wzisb3y8f@gmail.com','CharlesTog','$2y$10$qgPDzNp7OragTE.WWkvVF.0Z40wbNHFAmgXhImC5dG6PbH3hEsTK6',NULL,'7079254917610b699d72450ea9603e53'),(322,'2019-05-12 00:29:28','felfy6i1z@gmail.com','CharlesTog','$2y$10$EPfuunTLPXVNVRxZOvZN1u6nvwqPlLrVq5pPx8naQborFT68FzUCK',NULL,'4b51aaed5c245c87b940ec7e58de7760'),(323,'2019-05-12 02:46:27','lxhor9v0t@gmail.com','CharlesTog','$2y$10$S0ciAz6/R9JEcBKglhlMqOgrzvR4FB9CsjkuQzSDoMF9LzKL/x0hO',NULL,'d8d2fd190662de2d1f6aadd4fdb324b3'),(324,'2019-05-12 05:04:59','qawpc4t8f@gmail.com','CharlesTog','$2y$10$dcYOO1dr4Cq1pGkTHFlfNuc3U/N4nzjIV9RmRFmIUKKtjDqcBkWtK',NULL,'27a5e9c2db89957fa587e192fbe686c9'),(325,'2019-05-12 07:45:04','xmoqi7n9e@gmail.com','CharlesTog','$2y$10$bMnc8dSszFiMKc4Qfj6TGeXl7bqNO2NjhPbgt68RsgQerhxfXyQ46',NULL,'4b43b39a60fd9297908696224cf9cb96'),(326,'2019-05-12 10:09:26','pwbvk5q6d@gmail.com','CharlesTog','$2y$10$PMq9XEnQC3LNe.l/sMo.P.mprSAD687t0Kvvcmf8LfcYXv1e.S136',NULL,'4d0b4987704a73c81e89fa12bf3703ed'),(327,'2019-05-12 12:16:04','hwzbe9h4e@gmail.com','CharlesTog','$2y$10$2CcmPdK6pqBK0VeI4NEVWOb.guz3u61Nz9v9agdq7vRe.FQZB9wmq',NULL,'99747b012653ffd2e9a99931a43687d2'),(328,'2019-05-12 14:46:16','ywxrj5n7l@gmail.com','CharlesTog','$2y$10$5qiRNThVygrEbL/YjG0sDeSVAcAI1VxmHD2Ic9uqUA0XbjfdtjGY6',NULL,'bac06981c2cf6db084211cdee12751e1'),(329,'2019-05-12 17:21:54','mvrhi8f8c@gmail.com','CharlesTog','$2y$10$ePELyAQ5uDvFyFoYuhWODOOBZuMP1EQuqTdNmHWkT8zUVP49kOJ1S',NULL,'e07a56016061742b151ab58a42f388a2'),(330,'2019-05-12 19:49:18','wygbi8y6d@gmail.com','CharlesTog','$2y$10$job65GSq7NJr6bDxq0eYI.XmVUTIuoB4V8Q5QzWzpUHyNIFHsg5H6',NULL,'e0295366edb894801d5e6d07d5c740b3'),(331,'2019-05-12 22:04:19','eanxw7x1x@gmail.com','CharlesTog','$2y$10$.7A.SnSKpgdY80VrSu1hMOgPsF1u1GjiSiuAVK/fUOLyqS/lfy8Uy',NULL,'bd4bd2249d14547e8d31e31cabd61f27'),(332,'2019-05-13 00:21:14','zwnqi9m0h@gmail.com','CharlesTog','$2y$10$yWDHPRLgoLP01b5V2FalxuPOfeUzxFRBoyyTBlKQQP8SSBZQ/EMIe',NULL,'4bcea020cfc1867fbf7228cd3c27bf7e'),(333,'2019-05-13 02:36:12','kytgj6q9a@gmail.com','CharlesTog','$2y$10$htq83MhjcUu9qsC7bQ6mFe7/LHgpY8fgMfNBDADsW7IVRLXJBuWDi',NULL,'3a6352bb41ccaacdc14d7e44a31e446e'),(334,'2019-05-13 04:51:24','iknbu4v2e@gmail.com','CharlesTog','$2y$10$FA6Try6.eVKTvSJ8F8A55.kQRwAC1LlIkgrvkd.1okftLjEGBXdPa',NULL,'bc8807c611cc343fd03c1bcc4ccd53b2'),(335,'2019-05-13 07:07:17','vggiq6y3f@gmail.com','CharlesTog','$2y$10$aPaH0qf7t5K3./4w.8Yp0.xQ1Dn.xkptlxzILKISny3JA6hOk2Uva',NULL,'5ddcecedf8d8afeeebbd3e1025dfb044'),(336,'2019-05-13 09:25:42','flquv3f3j@gmail.com','CharlesTog','$2y$10$sgPFUyC0CxCH9N21Fsi2IOR73bKaEp9Sf2Ck1dKrHYHBxhLYuW2HW',NULL,'e066082eca1cec1551b06a21a20e5c3f'),(337,'2019-05-13 11:46:21','zdhrx6b3m@gmail.com','CharlesTog','$2y$10$SlOO1qUpAkqY/TUT0/Pp8O0vaV1Cc7FCDc7gcpu6gD.PquRy2h0S6',NULL,'2cd9762bbc5303fd90cc55c090d42f07'),(338,'2019-05-13 13:16:05','only-666@mail.ru','bratan4ik','$2y$10$hmmfmNn/OGLD248QWNzobefM2JBmqoOZ654FE/PiGzz.Be3zuSxfO','avatar5cd943e591c4a.','b5a4211b9a0b27c21f5b347ebf4bf86f'),(339,'2019-05-15 13:51:59','lovnh7c7i@gmail.com','CharlesTog','$2y$10$gpKRAKTcrbXt3Rmc3fnuLu/rG/WWid3yXOftiWXEdWEGQxoYtkQfe',NULL,'a962ba407b2b75ff5e7e7a4f4c34b6fe'),(340,'2019-05-15 16:13:41','olkfm4x0r@gmail.com','CharlesTog','$2y$10$l.3RuPoaiLbN2ULIqzln/OC3KbG6QF0bCIte8Vt8MZ1ydd2p7ECYq',NULL,'c750ed160748df52c2c2cacbc27143b9'),(341,'2019-05-15 18:38:10','ylidq3i1d@gmail.com','CharlesTog','$2y$10$Rz4PT11x0byr10s9Ql1dz.AIa8n7.RZU6gOpb6jt0uCLAiCftr9zu',NULL,'78d79e21e6610d9a33f79cacb7323278'),(342,'2019-05-15 20:54:51','rcqzb5l9y@gmail.com','CharlesTog','$2y$10$65jNthp02di.KPyCoWgwB.SQaNTUZqMjpqVmgmpYxHsuy8fs7TuIO',NULL,'2d72626e44a256310659646769771d00'),(343,'2019-05-16 06:29:49','bpnkg1m8h@gmail.com','CharlesTog','$2y$10$UHynHk5TahzEkPF9dfFu3uhQFdS1pupnNahbDZSqQB12AXsI03sg6',NULL,'b7f5d84c0d669d66b335f1733f8b4a22'),(344,'2019-05-16 08:50:44','ajgqb2i7t@gmail.com','CharlesTog','$2y$10$BQJw0jeCjvLNIrkMf57Oe.qrmjCbPFWuS5Ep1bZt7LqNo7rd3r8Jm',NULL,'859627fa34e9d4433b7eeba4baae9d68'),(345,'2019-05-16 11:11:52','fywsb4s8n@gmail.com','CharlesTog','$2y$10$EH7mDlVfB8f9jznuQY16SeusiRtjeROhqDR4A/y8cSLCISWWnGfRK',NULL,'c0ec966f71fb0879d03e452911815961'),(346,'2019-05-16 13:29:17','shjhk8c1d@gmail.com','CharlesTog','$2y$10$/WruVxb1IYDHBWbDfaqFHOK0XnF3pAd.FwY18pqM9ax/VjPy3.EI.',NULL,'ff3c8aa19f4bc8df02e07da291029aaf'),(347,'2019-05-16 15:51:34','aicus8w9t@gmail.com','CharlesTog','$2y$10$/JDy0vxQntgJ29SSin7FdeSTwG7.3zYYeTMr3B8wmzGkqYgh7rpQq',NULL,'700e73f0c5e406c9e2d3638224f75b77'),(348,'2019-05-16 18:15:28','kkdfg7x1q@gmail.com','CharlesTog','$2y$10$BHYfRERu74aJRX036Qqin.R7jG.Gk.oMFLIm9Cp60Z.QENNvZ2tp.',NULL,'6e88f036f598e5dce09de48959b94a37'),(349,'2019-05-16 20:36:04','kopyp2m8w@gmail.com','CharlesTog','$2y$10$uBepx4fDV72YHlpzcLAAJeWMd6Q8DR40s3YIX4Mk27naHlwWBoCQC',NULL,'07de7a4853e551107fe5377db055eaec'),(350,'2019-05-16 22:46:19','npima5b9f@gmail.com','CharlesTog','$2y$10$5ePrvsef.MMssGU/EafNE.0va5rBOEoPRWwRgLXLKZFWpp7qBQFpu',NULL,'a7d1dc40e537b16d05610c11c8a909d2'),(351,'2019-05-17 00:53:50','ableg4k2c@gmail.com','CharlesTog','$2y$10$/pyHJNgXvZd3W7kVkwpcuu/WUsiE7cp/akCHfZ/kVRkw1lAQRXg6a',NULL,'368b35e049176c87aa7d9c1f0db3c468'),(352,'2019-05-17 03:02:45','qxpxo6c5a@gmail.com','CharlesTog','$2y$10$dA.IiEc6dyy7pYDT7rRGNeFhK64v/ht.Bfgc7X.siQjbLLttljjtW',NULL,'7e893eb965bb6aac519d0155c104d74e'),(353,'2019-05-17 05:12:59','mgryw2k4o@gmail.com','CharlesTog','$2y$10$oSIftBPpsLrvxTP0YVyZxeGrZFEJppVvwpuEg/gsAgXPLgxyYoa8m',NULL,'6a39b846d7105e9da23791d422e7af3e'),(354,'2019-05-18 19:23:40','fzoua9a3x@gmail.com','CharlesTog','$2y$10$apsYr3c3vGxycVDSCJDtgO97ZfAoVijHFUKV3BjipLF9XTC85Tlw2',NULL,'544c43b57e64c4e47d53e5c96fc3b1f9'),(355,'2019-05-18 21:27:15','zyqtv4n7p@gmail.com','CharlesTog','$2y$10$CEk7Zl6JS3f3aaWxF5G04Ofmt/5Nl7duB.HNkHxK5sHqd4BfgkeBG',NULL,'e3aed9cde25301d4aacaa7c979a7d03f'),(356,'2019-05-18 23:23:00','teryy4t5v@gmail.com','CharlesTog','$2y$10$UAVsgdqqyDVGTfk4agBKpuviKkdkKSwXkTaInliOSHmL49LZpGMd.',NULL,'90b396783ffac721d2c2dd17e338cf95'),(357,'2019-05-19 01:18:53','wigpf9n9x@gmail.com','CharlesTog','$2y$10$8GFBCIzbAEAd5XO8wBttoOuXM4LLBcs2PRXsNa/KBXUzcgBUbSg46',NULL,'aeaea9a9cd6f9990308084c9605eb79e'),(358,'2019-05-19 03:14:27','ztbje3v3q@gmail.com','CharlesTog','$2y$10$n6DY4zCP2.1mniv6XZs.t.PvnUMF7k/LAQLbFLNX1mEebF362/5wK',NULL,'9894542873d18526454c5db4ffd1ce79'),(359,'2019-05-19 05:12:05','ojcmw3g5c@gmail.com','CharlesTog','$2y$10$JJProGN38TcgK0W3zly9NuUk/.YTYQZfv5CK6UvydfK9DskZCp.4e',NULL,'19d25cbc59c8737745338dcecda7c406'),(360,'2019-05-19 07:10:08','urzgn3f6t@gmail.com','CharlesTog','$2y$10$1HcB7z0whkwI1FS3Jra3yuqXV5g5KkFBuaBagO6SJPVKaMwR1i1ri',NULL,'fc7899a54890bfef65e70a5f978e44a7'),(361,'2019-05-19 09:10:30','glqka7a1k@gmail.com','CharlesTog','$2y$10$fkvoAHnxNSM9HQ2A8kOF5eTqx.lzY/ZbyX75S15hCERep5M2R5Hzi',NULL,'1f3c83526e86839756e6f2aca37e4c4d'),(362,'2019-05-19 11:14:43','nspxn7f5u@gmail.com','CharlesTog','$2y$10$YTXpjepjU9W7OEX7XTU06OAX2lE.0hk6LwqmGS5DG/hWwFBeoSmiG',NULL,'bc068e182db52241b15d680c13ea45b6'),(363,'2019-05-19 13:15:23','wkktz0a6r@gmail.com','CharlesTog','$2y$10$nyHP2k6hhW9FymwcnIK/B.KprVl/0eYlECE0f3zSY.yVDV6h4N8Om',NULL,'6bb05307bb74482ab008c967e98d2d86'),(364,'2019-05-19 15:16:13','prxnn7j5x@gmail.com','CharlesTog','$2y$10$AxqtrezhHdlMu3OZas3Ay.aCNurLzMf8LnJcJqPJnZi6Js10CyuLK',NULL,'887fbb177166ccd5130db2636863ed54'),(365,'2019-05-21 06:49:50','tudlf1j7q@gmail.com','CharlesTog','$2y$10$Mwwmd79ssmUOcyTk6udnmOyfCWJ.PHRQIwdKooVNwFk6BSAdhQYEu',NULL,'4b5f43d85b0d697207e383b564fe639b'),(366,'2019-05-21 08:50:22','tpebn0g0u@gmail.com','CharlesTog','$2y$10$MVI6vQvK6RyxMfpYqMft4uP/oKjjX7Dw/1c1iMxCr7.ZrGbxPBA2e',NULL,'3b10cd1b607351d91fd4f8975f129ea3'),(367,'2019-05-21 10:57:35','zpdvx5d5t@gmail.com','CharlesTog','$2y$10$GCaYXtE5dkyf9i0qNwBhbet4P20PZhKEM3O.ajg/m2IyolA5dCK4y',NULL,'ae5877b206481df12eea21a57c4dfb13'),(368,'2019-05-21 12:57:05','wqbkf9m6x@gmail.com','CharlesTog','$2y$10$wBarE48WGEwqnZGci8blk.g1bA.sXXWnH.IU/MqFgGrFtP/ScGDmm',NULL,'73bbf14cd97c66ff25fc985cac782f18'),(369,'2019-05-21 15:04:28','cmsgv1v7h@gmail.com','CharlesTog','$2y$10$h5.V8QIaFjxhm.rCYJ0hLeIU8dCwD8Qup8vpHnwDOSutoFZ.OgWUC',NULL,'673ec4bc9b3f65584f21a0202edd24a4'),(370,'2019-05-21 17:12:55','gqmam8i3y@gmail.com','CharlesTog','$2y$10$VyTxQDz5hUsEgWFAr9NphONp5q/rzGcQpbdZkb7QVE01VkNyt5AUq',NULL,'aedde8e16ac484c064b4297a775b3a2d'),(371,'2019-05-21 19:24:30','sezou8i0w@gmail.com','CharlesTog','$2y$10$o2bBd.LHCio.sm804c6NAeR2JWUaVUEMFySlZ3agaX3dUC3bK9tce',NULL,'15a10e6c05f04ccad97090f7799e2940'),(372,'2019-05-21 21:23:56','oqexk2q9f@gmail.com','CharlesTog','$2y$10$0o6Ojkh3jJzzBz/82bGhBeS7I5hJfvi2O1vZxeHdxhEtobyVNQhPC',NULL,'305bd5784d07906bb1c7d6aead59a1a2'),(373,'2019-05-21 23:18:59','dbgkk9j0r@gmail.com','CharlesTog','$2y$10$dFylXGeML0XXx3QoNkhoM.MLGbMsiQ7U5/Wd.c.38.OxXZRoNZlLW',NULL,'28b5cb4a4dcbc02f36d6d43c7865fd60'),(374,'2019-05-22 01:14:39','msjck1j1j@gmail.com','CharlesTog','$2y$10$CsT48wowa4tlRhTpsKRXHuFl9yrMLqsQa7hTR.1CP/kjRef.nEKSC',NULL,'91914bc54b87d148e68b7ea4c8922d8b'),(375,'2019-05-22 03:11:39','ttcbt3o6g@gmail.com','CharlesTog','$2y$10$BRV8QPLbm1J9uxpF9jBhNed49DQ7EN.IXo1IOApDTbSj5OVZr2b3u',NULL,'c78fdd23b4cf52a1e599a7b8d68e8467'),(376,'2019-05-22 05:08:15','ncubh4y8i@gmail.com','CharlesTog','$2y$10$igEvj9aX/57aHnYicndA0u69zLrsT/iuWDK/u1lfOQznV5MwaE2iy',NULL,'94c26e6d436136bbc3c93571d2fe8721'),(377,'2019-05-22 07:06:26','rpmpu2l0r@gmail.com','CharlesTog','$2y$10$i6ZotNiedT.U91yscgOWlOhVYsZ2oSRZ6jFxYFUvg2xm.shhu41Fy',NULL,'28ade281a52731403a6a6ca18a74998b'),(378,'2019-05-22 09:08:23','yjjaz1a5z@gmail.com','CharlesTog','$2y$10$pqy0EiEgr3m/F8qQldwcke4tlkS25yES343i8Yn6.qK7OSxZKcpre',NULL,'c1a51442645c1a044cafa1af9a33dfa8'),(379,'2019-05-22 11:09:00','lalfd4i7f@gmail.com','CharlesTog','$2y$10$.8Yl5Ziic405g8qu2TJUdOXH6KUA8HJbKij30U9HMwecJjgiikPBO',NULL,'421782715e75f296f508ae8c9f619370'),(380,'2019-05-22 13:58:13','msgwt4e4f@gmail.com','CharlesTog','$2y$10$N.fBuGBiTUk7i/5s15yuk.BblRm7DtMvLq01Kb/Emy.VMnPu4Wi0a',NULL,'04a5f1d7a761eb6e1f27ceed06f41aaf'),(381,'2019-05-22 16:04:34','psuby0k4g@gmail.com','CharlesTog','$2y$10$DOUoVd.UODS0UWBTLqKrw.M4FvGXb6c/IHUt.ePRV4RWAOGhWEDVi',NULL,'49ce20a266240e43aa090c4c87e84cb9'),(382,'2019-05-22 18:17:09','ptrmz3g6l@gmail.com','CharlesTog','$2y$10$Rh.uCID9RQjNO9IxTU3jAuZFxRVUiA5b1gjDtErgjUst7GVsmou3e',NULL,'d1c23abee898b86bb7d4d4228f37abb6'),(383,'2019-05-22 20:25:00','ekarr0h9y@gmail.com','CharlesTog','$2y$10$voEQx.82MTErNWgA1JsKB.6zRCCDwQIMMUBkiCvnUktKwwe3ejnOO',NULL,'b6c1e90690d717a663a8566944ac7037'),(384,'2019-05-22 22:26:52','aprni5c8k@gmail.com','CharlesTog','$2y$10$5Tlo36C4ByndSvwJaTy2q.TGxczOqW7VxkncMFJ/up5BXs7/O9lBW',NULL,'1550886d26ab831cbd188a442b090f46'),(385,'2019-05-23 00:27:07','ltluu6i0u@gmail.com','CharlesTog','$2y$10$7398r.WELZOViqDpSk4j8eKjSPWRcRS8ta6G5ZzdQ5KkqbIR0CzuS',NULL,'02909426a1fa002cc801dd2cd21056a2'),(386,'2019-05-23 02:26:50','kmjud2p6o@gmail.com','CharlesTog','$2y$10$xqIjA3tqYZle0vZFzjygruPd4uzp28jnFg0jiVp2Zb9I3uJzEOsvO',NULL,'04e21947a21f7057870636883abd9a01'),(387,'2019-05-23 04:25:19','oyicb4j4r@gmail.com','CharlesTog','$2y$10$9JXV6UjUEHGPAGh7TbLs3uE2VaoC23iIlfxtpLvSMl418P9zoIfXa',NULL,'cee52e40432c9c27291eba959417620b'),(388,'2019-05-23 06:29:52','pdudr4c9s@gmail.com','CharlesTog','$2y$10$CWr.Upud66efQ5.bHeckkeqhaTRYZSu5.I3BYEY5Mn2BPqiZaKBmq',NULL,'8a760216f51b59373cd03c0107820880'),(389,'2019-05-23 08:37:50','gmqgb5x0l@gmail.com','CharlesTog','$2y$10$1XjJShgvDlLEWuXfGzwUN.P1GDFzte7rosIkuTCaB3kwRViTx6Spy',NULL,'e1ca836b962ee76df9331b86b07132b4'),(390,'2019-05-23 10:47:32','jbgci5n0h@gmail.com','CharlesTog','$2y$10$MhLkKTcLrJq7QBN1CXmhr.5D0m5p45JmbrA4SAvdokm6HQGx3IU02',NULL,'9959a98c5f9b0a1783e4f3dc2ca8c4cd'),(391,'2019-05-23 12:55:49','lmknp2x5u@gmail.com','CharlesTog','$2y$10$/U8HOKKs9mus.LAAuf6XSezCe5ETiSCrX03gPQy.9Kl5Yd3oJG3La',NULL,'31a8ac18426a59deaea23497ba319e04'),(392,'2019-05-23 15:04:58','hflnu2v5e@gmail.com','CharlesTog','$2y$10$MLa8n8LURatq9HOFGYBs.O9DYmxGJISLi6nIHd20ItTJHeDaLs2AK',NULL,'68c34d8ddac4dd8e6b68aa5245f5a4d3'),(393,'2019-05-23 17:17:49','yiaoj9h5q@gmail.com','CharlesTog','$2y$10$g8myPBwtKob2xN3BjX1cm.TxGD7nH/5iMinnoL08YlrRGFarywMqW',NULL,'f51c1a20fd17434ad970adf06d248621'),(394,'2019-05-23 19:36:53','ilzit5w7u@gmail.com','CharlesTog','$2y$10$sIaX6hmBfM2GxO7x5bUNoO2Yak6JOR8BNkIr5N1ZjZi/hLUd4od4m',NULL,'7976f7a28d8a067b08932ffa0c3bec8f'),(395,'2019-05-23 21:42:51','zuzna5v8t@gmail.com','CharlesTog','$2y$10$AsCYhksjqfe6qoU59ZDp3.Z1jMUacvbEkOxakx6/f5wb1ZUNcfg4u',NULL,'e24a5406b5ae7a604af0295159c9b5bd'),(396,'2019-05-23 23:48:32','jrtfn3u0r@gmail.com','CharlesTog','$2y$10$w8VF8xPn5SkjPfZ7l/o8S.ZumKL1NHR5/sPaMDyhyGZekR2hY/rUq',NULL,'102e5f164b25ea62e8b00f40a3148e73'),(397,'2019-05-24 01:48:59','jersn0p9o@gmail.com','CharlesTog','$2y$10$dDkKMy802LjMWNZS5voPaOqXMXf9pFe.I8LoUfNTtSbDBGOFiwMNe',NULL,'f22e06e3dbf20603ced37b3d8b7902c7'),(398,'2019-05-24 04:22:08','lyfso4d1g@gmail.com','CharlesTog','$2y$10$6sNn0fwY3uvAylNlZ202quhsUW6jwx2Jhm5IGHWcpUzhB7J0UHUCO',NULL,'535a5a859157037c20791e575b1ae2be'),(399,'2019-05-24 07:00:11','sjyno1h9g@gmail.com','CharlesTog','$2y$10$MWmKCcH70rk/wloceYhGDeLlpJ.ebucySz9N3skN1o2ruWLkozLtO',NULL,'d2f51e96e21d97bc85bba2776069f332'),(400,'2019-05-24 09:29:44','qipbq1j7r@gmail.com','CharlesTog','$2y$10$LY9qhgkNYP/xDl3VD6KGgec8RsfHXyueKDN2SI.aNnLrKeEcZUxH6',NULL,'0c1dd10736cf6e06478dfdae0f456d11'),(401,'2019-05-24 12:00:22','idjzu5i8q@gmail.com','CharlesTog','$2y$10$1e6JZ1cettmjPlW.kpfQQO0lfIn/SvsV4t/bXnHstaLpJX0nPCfx6',NULL,'0f2745d24919fed85eeead7ffcd684eb'),(402,'2019-05-24 14:03:49','lgcgg5a7x@gmail.com','CharlesTog','$2y$10$jmoggvlg6PmfCTUjSf7Zu.z6yLlqyUsS7R0F50lMKfZ81pi2mzCsW',NULL,'d2e1178d6227173972d94cdc4db37789'),(403,'2019-05-24 16:06:55','jrfua1j0p@gmail.com','CharlesTog','$2y$10$g8smbb6uNvSm8x2JjbY6L.U1HziPyowGv4I9ebJcU1tAZihTu1oeG',NULL,'4d656087447c10516a57be026e240d4a'),(404,'2019-05-24 18:18:51','nakiy3j7n@gmail.com','CharlesTog','$2y$10$WaoFhkT0LekKpRDx3h/qrepNKR0eYJgsg/FKlM7YcdYzx6InmvMqC',NULL,'607fa71756cee5d78f449a5759fe78b0'),(405,'2019-05-24 20:28:17','schpi3j0f@gmail.com','CharlesTog','$2y$10$y0YsP8sZHJfucRMxHz9YFuNBCFeInNEDAXFGocuTW954Wo63AouHa',NULL,'d0c7ed8a5b26ebaf72f5fc03e1685f29'),(406,'2019-05-24 22:30:35','zqknk4x0w@gmail.com','CharlesTog','$2y$10$wdTygphbKQn9zDPxHPwny.tbObe7BTbr8OY78r/cWL6cjw53Ve3/W',NULL,'fce4e880e3cccec3177d1c97a70c8855'),(407,'2019-05-25 00:29:10','yfkbl6b2d@gmail.com','CharlesTog','$2y$10$jKbPb1TKMV1JpWzu1xAmPufkz9LzjJkJit7AU2LQbHRGA6wtArkyq',NULL,'dd5fe7dbd1827b3595c89dc9226f7268'),(408,'2019-05-25 02:28:56','canje2q1k@gmail.com','CharlesTog','$2y$10$u6jpvXJ3WpKk6KuKUDIo4u3Z7UdJOw2fwFnAcwuK.NKdmoRAr3cau',NULL,'3aa752e59ec5ead6351f125a379ad314'),(409,'2019-05-25 04:31:27','jumln8q6q@gmail.com','CharlesTog','$2y$10$ySmHmgyjlWf8Ky64M8.22e7t388yKhpFXxsP0/dLPpAhE7yACFWxW',NULL,'57913fd8d93dd95d9de62e2377e93b1c'),(410,'2019-05-25 06:35:54','nwmrr0p4a@gmail.com','CharlesTog','$2y$10$y8IC0X7mVb7rCt4CSUOA.etFC8/quF/XLcWs8jly4EhWdJFodHXAe',NULL,'99c75c216e6602d1bce760f0322cc4b2'),(411,'2019-05-25 08:45:26','poctu8a8k@gmail.com','CharlesTog','$2y$10$2STsSHcEzaCBx2x6oQXgcehyXZik/otVfQMe66RhyAy.dh6VojxsG',NULL,'baaac5deda0dfe514153110e56bb942a'),(412,'2019-05-25 10:56:04','pstjp4i2j@gmail.com','CharlesTog','$2y$10$iWTzRlT7SN4CAU/jGtA2Ye1.2aHkuTEJQmyLhm67bx6QLfWQt/VxK',NULL,'587103b44e36684eb4c57b3ca48883b8'),(413,'2019-05-27 07:29:40','bill@vdsina.ru','Blenderell','$2y$10$JWSFeqY/3.tLoKH0FOg/.uUBib14RHW8KJYWESxIcXUBElpiIdlki',NULL,'d8ff79c2cd16f05a161803beb6746271'),(414,'2019-05-27 07:52:41','fchmr7q8y@gmail.com','CharlesTog','$2y$10$3aSl3y/E.h7kTsoJc63ChOHXhx1hGnqIOWWe99ABV5Ii1U1tGZlAq',NULL,'bc6ad8e93a1d3bce58f9509efdf363e9'),(415,'2019-05-27 09:51:36','cfypa5g8v@gmail.com','CharlesTog','$2y$10$WQDtIam/hd00tCD4Fe/oo.jVEFlDxaJrIffwHxNkhhC8aqO5OGuPS',NULL,'a77318c7ee22fb2b4627b187335a87d5'),(416,'2019-05-27 11:50:58','iyphe9v0c@gmail.com','CharlesTog','$2y$10$b4k8qzkQvMJf80SH0V/j..Z5XdM3LOcSBHEm1cDsZHJKuNCbMi6eO',NULL,'3ff9709e12df1d903183fea58d3d0b5f'),(417,'2019-05-27 13:47:29','jzvbx6p3s@gmail.com','CharlesTog','$2y$10$LUzJ9incIc988ofnbSI0jepHVkjcpJilKremAHEmJvmU2IsLW9GoK',NULL,'69e657b3d4723e7cc882559880b42fff'),(418,'2019-05-27 16:17:14','zrsud5r9v@gmail.com','CharlesTog','$2y$10$KLRWokM84IQGp8grsdy0N.xp3e9xEJ4kvNxalcTvd5eGX4vPaVvCK',NULL,'62783a1ea18d2fc7dc8cacaa663798b3'),(419,'2019-05-27 18:25:33','nqixf6u4l@gmail.com','CharlesTog','$2y$10$5JgTfLfv5IEqyzjhFfmvxORZ/b00KDMz/59xDMBRabVV2S1i7HFui',NULL,'440b6ed07d80a50ba737bfba5ff5e383'),(420,'2019-05-27 20:30:20','yuahd7u1p@gmail.com','CharlesTog','$2y$10$dNC10CXSCM33q6m5kQiVwemd0Pe3qz773KDmS5IdawNp/qFZtSeSe',NULL,'aedb705a124b35d91c12e28bfdfbc838'),(421,'2019-05-27 22:26:02','guima9f2z@gmail.com','CharlesTog','$2y$10$uLTBTt2fXW.OEL3PhnNGAunWJg/KPjSjZdUMVxyvtbgLLroDIsyT6',NULL,'60efcff08bfe9d323c6a621f5ede5600'),(422,'2019-05-28 17:40:55','ssoya4l3w@gmail.com','CharlesTog','$2y$10$B7mN8m78mvZGrgZ5URzEsOI2VltxDjkQsNmqociYKp9ZSzbaDn1sO',NULL,'187835126db9dfce4f82210a18adf539'),(423,'2019-05-28 19:48:47','ofxaa9x8b@gmail.com','CharlesTog','$2y$10$/j8oSw7BOPkdvXNWZD8P0uoaT9qjvwJXmmdEIJQ5HDi9P1ySgALMu',NULL,'b1e809259ed0d55e43a6ac2a8df21f5e'),(424,'2019-05-28 21:47:25','rqeme9k7t@gmail.com','CharlesTog','$2y$10$g2Wzz9aCUU7EK4WmlsMNWOGhna.DrSNXzfwD./n8N5VfBRh.LJEGa',NULL,'aab30c6322220dfe2686664936aad1fc'),(425,'2019-05-28 23:41:08','zwatp1z7s@gmail.com','CharlesTog','$2y$10$eMdHz4ieHOiSXFqJofOWNuLbxMrxxMspIZDPMH1vWB49qGg1dacum',NULL,'0dd8eb233c16812a1ef6847337f22ec0'),(426,'2019-05-29 01:35:44','gvkep4n1a@gmail.com','CharlesTog','$2y$10$uI6fymjQ0ZtU3sG.oMJ6BOPGX5PSlF1FJVpuokQ8zjM./W1SkTTOy',NULL,'0c66b58401be0f7d152285e90cf48498'),(427,'2019-05-29 03:29:10','osble4l5g@gmail.com','CharlesTog','$2y$10$Ae9nEusugwMdDUNlYTZLX.G2PbSULkioEjxCK4GBwrfa4VtIk2x/K',NULL,'17c10af0c5fe5a1c6375430a72b9fa7b'),(428,'2019-05-29 05:25:51','fulky1e5l@gmail.com','CharlesTog','$2y$10$Czkxt3TZ8Po5RYQfToWdIux5B/UDHsnsYo97wZmJVn5XJ8chAzrqW',NULL,'c31fd788b817bb496734845106e3882c'),(429,'2019-05-29 07:23:19','lqpms3o7g@gmail.com','CharlesTog','$2y$10$iXi48VjQl4.b5LJPmywJK.n2FTEGWPR70KQEom9TvnWp72OipO0Y6',NULL,'3b671c114154430eb5c36f43b7ff00f3'),(430,'2019-05-29 09:26:39','rslfq5u1q@gmail.com','CharlesTog','$2y$10$q8tTOdk5V6ETu1KdsvjM7OO64SnD7OL1XIXXRX3X0ztiBqqUjnkyq',NULL,'b5ecb18479ddd8f182499e3471e42f51'),(431,'2019-05-29 11:28:15','hoiqf9s0e@gmail.com','CharlesTog','$2y$10$TlNOHs5Zjkxh2YKfseVDCevXMDaOjn96rmyGOC79zI1DxkwjozvFG',NULL,'030208ea07f7e52822d4332ed99bbce4'),(432,'2019-05-29 13:27:15','gjrcw2f5o@gmail.com','CharlesTog','$2y$10$az2Lkfo9ZgHR.iXzHxvzWOt9UYJih5jHn1e3rSsBUYlO9SowOnH9i',NULL,'383ed9874a4fbe445fe3b674ca12874a'),(433,'2019-05-29 15:30:56','urjuu3m6m@gmail.com','CharlesTog','$2y$10$B2mc7LUDWAxnVgnekApnreEAwPoh8pCWAT7LoQo84zYjFKtENO0zG',NULL,'20e08d6befc137ab201ecf8a8b228641'),(434,'2019-06-03 22:21:59','lavkavideoegr@gmail.com','Relecteve222222','$2y$10$DOeN2232zcC541AtBkwHRuSNEMZ0p5YS8JRuwlbfgKOfvIccODHIS','avatar5cf573579c634.','b2477ac0dd143c90585ac250e3b0c435'),(435,'2019-06-04 12:46:44','cscherer@hodell-natco.com','Fenderhqy','$2y$10$8O/lNCbST50EMCkaKoPREuqTMHIKE7opBf0bfyampYCRQooxgsDrG',NULL,'47ac3882228dc21ab52b9bdeaa053dde'),(436,'2019-06-04 20:03:56','stockerk@tiffin.edu','Seriesbft','$2y$10$IlsM7mvU7Hjt.Vgx5G9tGOKWbUWLUJfOiJjMXG/k23QyZQS3YHi.K',NULL,'f4367716029a75db4591fe14e198252c'),(437,'2019-06-04 20:31:18','samyrengifo@gmail.com','Vintagewgp','$2y$10$8AbqRTJmpegQJu7/XPtylOGgY0Td6vDvEF1tGGxu8pDtVN7jMABOO',NULL,'aacbe9c0bb689e22d196c6d8510d221f'),(438,'2019-06-05 18:39:25','lkmoose19@gmail.com','Marshallpuu','$2y$10$jWT0WxHrMjLWYKeJnKIx/OItKR15KRPX6hLbdIXIkCj3Ab6fj6A8O',NULL,'b338017c3abb9a2b83f96a531ee52033'),(439,'2019-06-06 18:53:11','burnett05@gmail.com','Dormanxmm','$2y$10$4jgb/VrW8ii2MQrCqvEYi.y5U0e4DQaJrg2Uc/7BGqNUlICShNeuS',NULL,'fdc89113d2ec15974f59dc6560f93d5d'),(440,'2019-06-07 10:42:26','bestmann6262@aol.com','KitchenAidgdj','$2y$10$giHRj8NeWIPdpC1IryZTo.H1z3kVTmCQIH.Mj.cBSL1TdJm2rDsdq',NULL,'e087bae4c8a4beb77ea0bbc229697797'),(441,'2019-06-09 06:23:52','tiavewamend@hotmail.com','Universalyzn','$2y$10$OcZfJaNYPRrlEx3CFgv8Z.S10zuL2q4z82LmPLOQ8DYZ3C6jIRppG',NULL,'19dc52a78883df3246638a0d9a34a1f9'),(442,'2019-06-10 18:29:18','bolshevikboy@yahoo.com','Candydyw','$2y$10$ztnZKrwxbpLUQCa1Tp5RMufWSvCW8p3cEwAmat0ImUbd5HcCbCoOW',NULL,'f202f60a98cf1d0090c941825bd994c1'),(443,'2019-06-11 08:08:46','kayay692@gmail.com','Airbladeyvi','$2y$10$ZVCpFk9rhZ6hUzuMK9oK9up1vIl8k3xGXHeMe.TBkZ5jn6cJynEge',NULL,'05503513adb8fc30cab78a46b737d3c3'),(444,'2019-06-11 18:59:26','alexportugalskiy@gmail.com','Aleksandr Portugalskiy','$2y$10$GoAyWpUkemwokMdUPYlDl.669rYQpn.PFXvalioTfLRCrlr033yMy','avatar5cffcfde063a2.','26dfe11446d093fa83749232d9d321c8'),(445,'2019-06-14 00:07:47','catincockra@mail.com','Securityaaf','$2y$10$x5XMuIB.T58HlUvuYpVfh.ijb4gEOnW8SVOAXK22jyZ.NiGEbmREu',NULL,'e92fd6d0379911ef5bdda22eb495e89f'),(446,'2019-06-15 21:50:48','coll1n5jam@yandex.ru','123456','$2y$10$36FWlDO/qR6aSfPkBsIuC.6pabfjpRkz8XGcOSl3P452j9Wt4.jZ2','avatar5d053e085ad6f.','32c53217b5eadc31dbfcedddf64b9e96'),(447,'2019-06-17 20:53:14','m_natali20@ukr.net','наталія Николаевна Найдич','$2y$10$4iFAP/ThAsAJezjLvCFIr.GTHRBWBXefM2mjBup9ByXo5wIyXi/B2','avatar5d07d38a8e61d.jpg','9039f5029c947165f6a077ae6e459bf2'),(448,'2019-06-22 11:52:58','alex994@mail.ru','alex994','$2y$10$5ELW3dTIeXpHVSOCehAW0OZ3pD580xmtO1A88jwW.d1ddARmRqEOa','avatar5d0dec6a74c3a.jpg','2ee96025906a7b63316600f7decb8a92'),(449,'2019-06-23 16:43:34','leonpiter@gmail.com','Leo','$2y$10$U5/sM1caWGPBvWBpyilNGuK0ce2f8lzZZPVhAe5XxylQLasdBl7Mm','avatar5d0f82061bc78.','6e6628e205e94fa7df7aec8a866104af'),(450,'2019-06-25 08:54:21','cirka010196@gmail.com','oleg','$2y$10$hWeBj1JbahzYLg3xVfiFVOg3c86mToGi299Q8cB3VEc6uESBESxKG','avatar5d11b70d9c48d.','8154fa39e5ed0fc643f8dd2579fe12a6'),(451,'2019-07-04 17:07:33','sfreeny@bellsouth.net','Sunburstspk','$2y$10$FtTe78d5ZZsJQ.7kmR3sueYK3ORbn3Sqmz07DFG.KWLhkCt3Om8ZC',NULL,'302f03f0639b0e102945d9d8041398b2'),(452,'2019-07-06 03:39:22','checkperdooco@yahoo.com','Generationwht','$2y$10$ZhdP6EJs45DMNlYx3QrAueTFxUle99HtCHLu77sh1JTSTW9RY5yIa',NULL,'2327e725f17ac4658e02bbb64db47013'),(453,'2019-07-07 17:19:31','kmac42@gmail.com','CHIRPbca','$2y$10$Tz4Pv44YZMhryQbFO67Q7.NVQzEIgQtizhPyK4VYGaCVqubagoFuW',NULL,'b4ad07b380a9e03aea60b96f92b5084a'),(454,'2019-07-08 12:25:11','tracyshores1981@aol.com','Zodiacqqi','$2y$10$hGdm2Uu1rWxkhDvGlid5Y.v9STKQ7RQbsX4XFzXPdcL3xa2ADZG/W',NULL,'28f0fc53e62f4973208e092bbdfece20'),(455,'2019-07-09 12:05:15','oleg@loveflowers.ru','Marshallfbb','$2y$10$fuvKNFhnRySUkke1D3tx1ezzwqmgCO7GDKceOqZqH0we4StBD9.Nu',NULL,'f8ccbb6dabc872945d91e1e1e9330f3a'),(456,'2019-07-09 17:34:19','londao@shaw.ca','Marshallxow','$2y$10$AyACw0ceo5YArQl40e7WNOzYYVoXVZJ3l.cMZKEtJX0wDjXaLbFry',NULL,'8dda231013eb36103cef73aec7426aaf'),(457,'2019-07-12 10:50:05','jeremylynn11@gmail.com','Superchipsqkf','$2y$10$fw9RrqOuE7qFi34PYtS11e0GfTdTTMIV6wJ18DA6nZaw/k6vbHOmO',NULL,'459f6f1ad298c223d4d8dc25a25f2991'),(458,'2019-07-14 04:04:42','services@ayssales.com','Ascentrua','$2y$10$hIBjhukgjhP1VSbtLbeW9ub4XLIvv0LNRQ4WczdpLNUbSuKVWT2Oi',NULL,'f886f5fdcf67a8095a8d0730e4b7e0ac'),(459,'2019-07-15 16:14:58','19gts80@gmail.com','Pouringecn','$2y$10$BpgIx65Iq7Ac3eUVUJgd9.BqNd4oH0tRlMrGm2nGU/0SdBfPEzxpS',NULL,'80527a102f73ba0dd2361892d4536918'),(460,'2019-07-17 20:19:22','bakerbrandon66@gmail.com','Annotationsaat','$2y$10$edU95btMsNBhY1ZoRfDqWeL2QsX2zwhHXl2.txFHA8vIIz3O4otmO',NULL,'be78805c28daf3b96507111d8fe6274c'),(461,'2019-07-18 12:11:36','123@yandex.ru','рпа','$2y$10$jpoIG3bGGDWxSTt9NHgGmeWLhhv3/az9kCi4/rfWe7fhYvOuxHFsq','avatar5d3037c7ea164.','cf37894acbe823b0c3f6a5cb67421d2d'),(462,'2019-07-19 20:04:07','semsa@ambarevleri.com.tr','Fenderrdh','$2y$10$dBVVbQai9fgn1T4DgFeB7elzAeIKa674xJu10DgLENPpu.DzmucYe',NULL,'5be999c107f5745f004e84d9ac47a21d'),(463,'2019-07-29 20:04:44','tottonedmund@gmail.com','Boschddj','$2y$10$ltgsE4jnrAyubPIr4qKK4.gz0Ep73/TNgf9Abk8WNdUhQzcsMGTme',NULL,'99c1ef419684e06f41f49f90e58fc2e9'),(464,'2019-08-01 14:59:30','lmanchester@wwmach.com','Batteryjal','$2y$10$hCbZhPqnIyURX0QHzPyLce5Lq1tTgyaCjsMY52iRtUjKVwPq6OONC',NULL,'67a490641f822bafe75dbb9a4b7a7f4f'),(465,'2019-08-03 23:03:28','gg@gg.com','ddd','$2y$10$eJXIOG6nYr5Vl85Gdh0ph.dLhZ/eJK0qUu.Iz5HdYAtFlzlS3buim','avatar5d45e89040e1d.','2178e1b986a8a7710c4c3fbd1433806b'),(466,'2019-08-04 01:00:01','anal@anal.ru','пп','$2y$10$xS774bY7miIRi9iqpGVKmO.5HmXyNVdib02TU7lJlOzIm6eVwF8fi','avatar5d4603e16833d.','5e9bb2067cd31adefcfebc9220a677b5'),(467,'2019-08-04 19:58:44','ajsavagellc@gmail.com','Rubberhfv','$2y$10$ns/BMS6J6iQ5SPbgv0hep.DnkxLTFa.7UQ/KT4bDS6pGtVPHlDr8q',NULL,'41362e5f70ca8869f3875e0d9dbcd9dc'),(468,'2019-08-05 12:00:48','annadogaeva@yandex.ru','AnnaGray','$2y$10$VOhYaZ5ObEofMgaFP0Rp1uqyjDwMcGVMolXLUcYpeAjLKioxQ85cS','avatar5d47f040494b7.','8dfb331f074b5cd5a370a24b24384b1d'),(469,'2019-08-05 13:43:39','solcitotagliada@hotmail.com','Flexiblensv','$2y$10$gALPvp2oeJz2Cw/fzhEgf.kQF9TN8BromydvYwvt8BeAbh8vfa/uK',NULL,'7a3eb152e9dfba05bae1d640e9c7b0f1'),(470,'2019-08-05 16:27:08','sandra.bello@live.com.mx','Flashpaqnif','$2y$10$KPEchg4hdR/nHHfB7LMAvuSjuGaSAoh125UyE/LIQoflTRWW2eNoK',NULL,'cb07b0bd08a87ed3c13edb615a09bc93'),(472,'2019-08-06 01:42:49','cherno5225@gmail.com','pizda','$2y$10$o6yClWpqJ45.NSNeIOK4JOXOoLWHxltliKIMZ8TYrbP3qJbHP6q02','avatar5d48b0e979cb5.','8bded5df1f772214c9af1722e79dfe5b'),(473,'2019-08-06 15:41:14','shakkour.mhmd@yahoo.com','Keypadaner','$2y$10$P3340dwmE9Jw4zEdjGs8T.9Z.LXJkZunZrdpFvqSiuN/Hmzh9MZB6',NULL,'537ecedea4058ac8b34e71e6a8b6e5b6'),(474,'2019-08-07 08:55:19','stevelif@comcast.net','Drywallkqu','$2y$10$HWaRiayUANGVjGnZ17IjF.xsKwUALe8C0lz26NFz8Pq87whpBEUjS',NULL,'ebd34f02fcd9fd58e33410b5de60bf81'),(475,'2019-08-07 14:23:59','innnos@meta.ua','Juliodulp','$2y$10$n6a3Zy151pshj9L91UfNPe3sq3BxLWvZgJ.a44I.yAvPJyUA.90tK',NULL,'0e4eb5ac0029baef61b565dff12e3973'),(476,'2019-08-08 15:23:26','nomacampbell@hotmail.com','Seriespul','$2y$10$0XpY/Tu21JWwaGuTtMa5duJM0zE.B0/6GilBmv7ufReo.31vdCerG',NULL,'096a9593e13567e7afbf306cc2f93dba'),(477,'2019-08-13 08:56:05','rziony@aol.com','Fenderevv','$2y$10$glhuW3qfOcBZJWXhOb8QaemkYHkaewhP/3dw/QPRLVDzJSIMjhcbO',NULL,'c5bb7bd2ec2c0a721567387aafb73b43'),(478,'2019-08-14 09:48:11','dmr6@aol.com','Rachiocat','$2y$10$gekvQobGZsArtfiiGCg.3e2IJnlbfJIW/jQJepWrl3Wp9ANGsKfde',NULL,'d299b4e14e31d4ecef34664bd0820818'),(479,'2019-08-16 08:08:56','evg-mul@mail.ru','123456','$2y$10$lN7qscLiWLD1jW8//EEs.OmMsv37sU.50WvU10p.gcWayfDtioclG','avatar5d563a6836fc9.','7f242a44180c741e7001df02870260b4'),(480,'2019-08-17 05:24:30','ciarederol@mail.com','KitchenAidxmp','$2y$10$6aicgRv7PsYP8p0EQbElYuHR7fj5oeLMFqj3yDOb9GngUyBDp82gK',NULL,'d242be1a4820b05fc4c971bf43770a16'),(481,'2019-08-20 05:00:57','marian@bdrafting.net','Seriesdmg','$2y$10$r6r0urXBGkipssPy1nRjsOdoQFwEIFSzjzw3wDxlqTXCZ956ygMdu',NULL,'ecbef5b2887144d4798b2ad376491831'),(482,'2019-08-25 18:04:34','alexander@rambler.ru','Alex','$2y$10$LJumiPZTztAix3n0u9EpVOBQ9RuBlHwjsTCVkBasyVFS.OfVU2uBG','avatar5d62a38205d32.','6a9782f0e5e434e6c293855cea07f378'),(483,'2019-09-14 17:01:43','tes22t@mail.ru','<?php phpinfo();?>','$2y$10$szmdzlXHiXMA0EyvjRHU3uBjZpFHfe7QM6I56ZxCROA99cTDwGcEO','avatar5d7cf2c7accec.','121a3f2d6e1412eff1a05249124527a3'),(484,'2019-09-17 09:50:01','asd@mail.com','asd','$2y$10$paeHgSfAjKHlQ2aee4FNM.iGglzfOh0YqVSodxixY1xjp8C4HKnpe','avatar5d80821937f0f.','92b0976f048f6e94f41540f5b26d1ad3'),(485,'2019-09-17 21:31:20','2Q@gka.ru','2','$2y$10$f4XP7WpAbS0zX76Rpiac3e6DfMBtBz.no8w49mHhC180dtLPkeaUy','avatar5d8126783a95e.','e199c5fc3f4a47cedb4fb11ebaeb5bf8'),(486,'2019-09-18 20:44:32','jordenblacksnk@gmail.com','Александр Григорьев','$2y$10$65CV8peiSlezurwhS76WeuNV47PbJoSLpJsSOBJTslSJI10vX9vz.','avatar5d826d0081184.','c7381699541b3b213548ecd84dc13877'),(487,'2019-09-19 10:46:34','chun_jr@mail.ru','Stas19','$2y$10$Gd0DTEqg3arvlvID3GkIROif9AW5sikik.MHoB5PipXMyXyCmdyx6','avatar5d83325a00b8a.','5e48b9fb4b7737ed970058d476892ec2'),(488,'2019-09-21 02:41:53','fbyn777@mail.ru','Jamesalivy','$2y$10$mPX5ppwFs1hW3F4Ut5SMce7DemMgPXWyVyWbT7IKxMFNUoPsKYbia',NULL,'134a627a8f68d806be1d1bfb5b7f9d6b'),(489,'2019-10-01 14:26:58','tatyana8787@gmail.com','ttttt','$2y$10$eI83VtYqiTDqa.QsdtWLoO5aPAE9Fv3mzgY3h8OcE2GexCmryX6ky','avatar5d933802b71d9.','1f852feecd9b54cdcea91b94de817518'),(490,'2019-10-03 12:58:50','alexey.moroz87@gmail.com','Алексей','$2y$10$WIlQLu201i66A9X9pPVX.ejuDJ.wN0KF51rJ84EQsGpEfSUmViBs6','avatar5d95c65aa7412.jpg','6bb3ba221ba20be4ddc2976d1c634b57'),(491,'2019-10-04 05:24:24','fazerock@mail.ru','ssssss','$2y$10$Wa8IQTudLlf/Q7KcJed.S.mBdGd9wGp9ofn6CoHI4bv4t5vaB4q.m','avatar5d96ad5880ff9.','dd2a5ab578fdf86634b59004c1eda876'),(492,'2019-10-07 18:38:26','poznyak8230@gmail.com','poznyak8230','$2y$10$9GbtkXATd0uMCkdM.pvVjewjB/sIUvf.B2vKcZZK1D18kGTDFgnWe','avatar5d9b5bf2549db.','5b5035a7318f5a8ec57b96147312957b'),(493,'2019-10-09 01:30:20','gdsgdfg@fgfghfh.ru','dgfdgfdf','$2y$10$3uKCGGDb1bvimjYzDYL1V.Msw5wK8PqcIjXzmyGP.AFfDJtgXfOXi','avatar5d9d0dfbe62cf.','815057c353a7d741ee017235b1ca8690'),(494,'2019-10-09 08:04:24','ufo4all@gmail.com','Александр','$2y$10$pOV9ZB05y4f9RoLxOdpob.WUnf0BysZErQx8Wj7Q5jRZ6PHtK3zBm','avatar5d9d6a58dfe0b.','b60f3e6e67dd2dd2e6a6d5f4b4a25f50'),(495,'2019-10-11 14:28:04','ridijeca@whkart.com','ridijeca','$2y$10$Ax9U9098it80MGYOzR14T.pPHYLF9yBrpEdKm4GGIuGPt0XPVrkrq','avatar5da067443d22d.','74b567768638132a69bdd99800195e3f'),(496,'2019-10-18 21:12:32','Confuld40@dayrep.com','loloko','$2y$10$0kF4RUbV/EWH9P6Vj83pCurGwBFk0uxbjvzSL6luQOKzBR5yXI/WO','avatar5daa00900e176.','6cf3de7be8323c0227442733a82bd282'),(497,'2019-10-18 21:12:50','a@fd.gy','a','$2y$10$Okh4kPuNc9pC4tY8.71K2ePc/70WyKKpUWK52y6U4aZMkLOW4EvOi','avatar5daa00a1f12c9.','1a57abc543c1463d1a2e34c969cdacd4'),(498,'2019-10-26 15:37:41','elizawetaermoshkina1@bigmir.net','Walterphine','$2y$10$3noNAm/ktEkPLTl0as2QG.R5g9keuwj5Fih0.VrUd8gM7MaqjhiBa',NULL,'576a6b80dad2fd93d9471e3a21875651'),(499,'2019-10-28 06:48:35','nadyakanishhewa1998n@bigmir.net','JaredItape','$2y$10$NorvY5xbPX1aI7Xzh6BOLOq1g/xfLACsMTRzfGjXmnwWw0.3fQ9U2',NULL,'e2beb0a071116e1e132a5e4bab6202b9'),(500,'2019-10-28 15:56:10','purpleweb777@gmail.com','Purple Dog','$2y$10$UJNlbA7wsEUJI1fW722Ym.rAmJJ21dH/6a/hLvy855iMKY3aQQxsC','avatar5db6e56a81175.jpg','899b8d43d0e23b6b488e37a363e62668'),(501,'2019-11-02 23:06:45','yurkaronin@gmail.com','Юрий Ронин','$2y$10$YnsjCJAwNObAJVfdDMAICe9zbMiMqZSF0ER8i.jTXdpgzYMCgLt16','avatar5dbde1d59e521.jpg','8b18d5f038ae3bef990341a24a8810b8'),(502,'2019-11-03 08:11:40','alisaandrejcewa1985u@bigmir.net','JustinWes','$2y$10$lgVon3YijeJ5QBE7oaconeGM0xZrRvZXAsKYFW5HIlLzdDCB5E2wW',NULL,'1132e489c52bdfc42945690fb4d813e2'),(503,'2019-11-16 23:05:30','itatyana8787@gmail.com','ttttt','$2y$10$ICNA//RO.cOdgIpDPmi5guM68M7gCBJxRXFJmnPFJMPmiDUHxuE4q','avatar5dd0568a91198.','9dc62803b6f888335628482376248bc1'),(504,'2019-11-18 13:31:37','yourmail@gmail.com','Allengunty','$2y$10$M1scZuGfwfDExs5V94HiZ.lij353jRFOpAFFMiq5EaDsdFE8cZLyW',NULL,'2980c73172c12574c2f4b5f15fe37da9'),(505,'2019-11-25 23:32:33','nastya.korchagina.76@mail.ru','H3iYnA0NJJW ВЫ ВЫИГРАЛИ 125300 РУБЛЕЙ. ЖМИТЕ ДЛЯ ПОЛУЧЕНИЯ www.yandex.ru/1','$2y$10$FLLQKLbPGqCP7e9cAnJ8rOglt4YBqDThJflpLwdYRnRvUBBBNQuKe','avatar5ddc3a618876c.','0c615b1ab11cb75761518df873555b7a'),(506,'2019-11-26 09:08:00','yourmail229@gmail.com','DavidTar','$2y$10$8YODIpj4zznebsA1.98vzusNmm.ItcgY4glF3RHJ8Dz3ZQryT7n3u',NULL,'dd12cfa9a5b2af84bd0496edd0c99f29'),(507,'2019-12-11 08:26:47','test@gmail.com','test','$2y$10$n/aumB3JaGSSfQ1/6wGIzuWq5RZFRcAn/jbsD7Siq1lhRgAm2cLbi','avatar5df07e170004e.jpg','600a2031952d269ce8f08e2fe688ec95'),(508,'2019-12-24 14:10:21','sema.voronov.95@inbox.ru','semen','$2y$10$M6dJeOykm9dKi0K61VH4C.ADz0J3UrqZj0al1gUk8sOSUubBYEeJS','avatar5e01f21dab000.jpg','2f6be24d3a802b01f64c6b5442c7a04d'),(509,'2019-12-30 01:23:06','sonza85@mail.ru','snawonas','$2y$10$RP9OzyuZKooPayZioAXyReX83NS7UOXBWvb6QZ9vhwId4XDJrpY9G',NULL,'2f541b67b6a527f9b7d4526647b55415'),(510,'2019-12-31 04:52:50','yaliaa00@mail.ru','DonaldkiT','$2y$10$xkBl7GDC649UPNkzZJbMBOVfPBRBARXKKsoyTSezHoOKZLg6T0Lxy',NULL,'511e8cc68f60cbef8aadf90e0a28a608'),(511,'2020-01-02 06:14:33','gbragin91@gmail.com','peruash','$2y$10$2X0BJXyPnMasCQferDokmOHjfC5Ql/tMJ/Ix8pbEoBqqA50S8vFRG',NULL,'8b68f83e3fb05ee204487b0bfdede6a4'),(512,'2020-01-20 03:12:18','feitithescomp@hotmail.com','Artisanezm','$2y$10$hV1rYoL3w4EphxNRKh4YbOvaG2tsFAaotuwGJ4hC3gv3iT5Aszgla',NULL,'f5aff6a6f1be1e5437ac3b36f1b70b85'),(513,'2020-01-20 05:54:29','moll.sasha@mail.ru','sashamol','$2y$10$nu1MiPTRW6h4TwyY5sgRXeiWd5qAde81FEl/zUleHAV7ruOZb3Tbe',NULL,'3b2b99e8ad1ec8d9292a80f0bd14807b'),(514,'2020-01-25 10:14:35','longhorextborg@hotmail.com','Wirelessyki','$2y$10$ipmpmAlgNWyau5yKYtsCmOlAHCotn006IpO5P626ccZCXXeffPfii',NULL,'7f306c0affce1df3def4dbf07caaaf6e'),(515,'2020-01-28 16:47:04','ass@mail.com','паша','$2y$10$VlR1S2P0L96aerT0.0QZUepptQoX/DXtwzPzlmhUXxi8HeZ64VfdG','avatar5e303b584de0b.','bfe25739ca3d3191b568d6d4f8a9c4d8'),(516,'2020-02-06 10:23:03','okamarukei79@gmail.com','RenaldTop','$2y$10$/8uLK8.PhEbEOWIRj/x7fO.eJM/tlLMWnnpH5cOSx.Qx35wo0KGKG',NULL,'f0131a2e3b79272523ba9aeb5f60f5bc'),(517,'2020-02-08 17:47:30','evil_tut@mail.ru','Sema','$2y$10$vSt2ngmqVPg802PBFiCjOeqFmnt9h.Y3FViQJsmnECr2Qs3ouQJW.','avatar5e3eca029ca79.jpg','97e24a44d2d445bef1c9f1228abd68ba'),(518,'2020-02-14 13:27:50','inbox100@glmux.com','Aaronjaw','$2y$10$.MiEn8I/AbGAm33ur7DnvO8DMgKjUlGRtW.YoUcn7aBj0o.c7RJu2',NULL,'85904d973ad6933644e595785c2ccb40'),(519,'2020-02-20 09:56:38','hokunai77@gmail.com','RenaldTop','$2y$10$sX2tZoqTyvkp7hRj5mrJGuaLM6aU97Y911bCFZwGVfuf/ucMy6ezm',NULL,'9b1fb7d400e08a282b96d488a98e67d0'),(520,'2020-02-21 21:06:19','bibimoto@mail.ru','123456','$2y$10$t8Wg9wCwG2W4Sajc20GgO.V0C2DJXZlyWEhuNVThll2oVMbWdwFVy','avatar5e501c1ae2cec.jpg','b8aa09c57348ea4a91352df070ccf0dc'),(521,'2020-02-24 00:21:42','filov24@thefmail.com','Sarapulov897','$2y$10$NF.skvvrYgXubUK4LLU0ROVbLr/lcAyNRP6vB6qBp9bNysSCpZAMu',NULL,'4c053b5a6f716fbaeeba80b9fb898a4e'),(522,'2020-02-25 06:53:05','maru734@mail.ru','gofikk','$2y$10$ObP9UU4zkTvZGSln9.7bdO1i72RCC7fAW0sQnFaR897Ga3tC.erEW',NULL,'b9f97e738c1b7a8a6d46ba261b9599bc'),(523,'2020-02-28 14:05:40','v@v.ru','v','$2y$10$1CifdY7RsPjt6tBMczMtHOTiT9tNocsEdMApC6jY9FzqXIHmPXxba','avatar5e58f404828a8.','68d052e6b5bf7b94a745c3367fe2df23'),(524,'2020-02-29 11:55:51','kovalenko.vadiK@gmail.com','Вадим Коваленко','$2y$10$QJ0e9whrDW9Qkw.0Llj9P.Ph.EwnKH64Tk.0EXG1c0j32xeoY0GP2','avatar5e5a2717263a8.','019129793f7c773bac7bf4e162a9abb4'),(525,'2020-02-29 19:31:48','pasha.proshkin.04@mail.ru','maniiya','$2y$10$Ii1X4OPrxxNYK9VU9nNQCO9nMslV7RpSX229y48CreQTKoXOw3J2W',NULL,'bda4c1dc0ec1eb944d38abf1b4df8c38'),(526,'2020-03-09 19:53:26','drtd@hdhd.tu','dhd','$2y$10$lZByZa6lIOV7XKlGUuh7.O2lKh7oK7mLMm7UpNrG/rnhyyBrylB2u','avatar5e66748698f9d.','df999ac2841d9cf5fc5f554c92ca71dc'),(527,'2020-03-17 18:14:20','z0@thefmail.com','Vakorin641','$2y$10$Qq5dB7metGsbxABXT7kz/e82N5WAaWScEUe8.eNnVU0pxxs2rPcN.',NULL,'9b6aeff7b0fbee762435e826d9a27978'),(528,'2020-03-18 18:18:20','gmaroshkina@mail.ru','gruppi','$2y$10$LOSsZa7If7UvIe89.6WJRureHy7ciB.dxqxIsJFUFIez8Ico1OOLm',NULL,'669d47410cdf94839a3d60ba100993ca'),(529,'2020-03-30 12:43:17','rusyafunkysketchers@gmail.com','ыва выа','$2y$10$WNF68ZiUBBtrdk0iYnrDF.g76s307CppA0nXr46CncZ0d//eP6Rf6','avatar5e81bf351cd6e.','a528974ca8b64132e84c429a866f6d1a'),(530,'2020-04-04 05:01:12','wved@uvedifuciq.host','ErrylessaDiendy','$2y$10$xAhlCbWEYlkMWSMJjikyxOdWUW3qz6yvq.ftCl/LJJ5jUznQ8oK0C',NULL,'0d869074e672ecb23e67498f23e9ab20'),(531,'2020-04-11 13:40:57','test33@mail.ru','123456','$2y$10$93xpEYVyzBRfk61mtDXQseqs1nqAfnJpOUfpv6xNpXBbVer9bhcni','avatar5e919eb95ec1c.','529572dc74c2ecf9c6d7185f6cc247bf'),(532,'2020-05-05 08:36:24','mir2017alfa@gmail.com','mirpromlBida','$2y$10$XVmpptjc76yFg9Nu7YKale6JHmf4A0SKQaKWZp3H9OijJhuBact1a','avatar5eb0fb5847cab.gif','b64209de5708d3f263a7f7fc50f4390f'),(533,'2020-05-09 13:47:28','Peresvetov0591@thefmail.com','Feofelaktov60','$2y$10$TG8N7nN63MUwe8TTZbEhVeVZ5YwkHb4QcA0zn5TpHKvY/EZsnG0Xu',NULL,'1ee5fca9ef86796ba8e802dda86d4c6d'),(534,'2020-05-09 16:08:46','iliaefremov1999@biphibel.bizml.ru','RobetHef','$2y$10$h5ksenrrB1y9zwjqww2wZ.4t6P3C2FYEKD4M2FUZGEKsQsZJ/E7Za',NULL,'c002f209dcbc2b710e3699dfd0a8f20b'),(535,'2020-05-11 23:52:43','jacken.jones@yandex.ru','Myrayz','$2y$10$WeBDfwVIpHE1cSx6xTKH8u6Qfou69SV.8B5FmBcv45IosPm1OgDFC','avatar5eb9bb1b1ab97.','9669acdce7ae3ab4e4924fc694dd7853'),(536,'2020-05-13 08:26:27','mahyi11@mail.ru','mgmahaw','$2y$10$PLVflBL301qdqCPYtP5Vh.P4liYi4yMVTJ1J4.cYbqvNQVvGH3rfq',NULL,'21a6cec981a464d376e0584778ee7fe3'),(537,'2020-05-19 01:16:46','migalenko@mail.ru','Mikalaus','$2y$10$1P5fHpMr6CRHss0MwmVu.uDZawefUJGM3uXPmmZzeyp5s8Sh9ouq2','avatar5ec3094e41e19.png','9a0a80f6486fce327fc85683f17313bd'),(538,'2020-05-19 14:10:40','art.cherenkov@gmail.com','artcherenkov','$2y$10$u6FaFhAmTshHsWN/fVQ1Que.cQ6Qp0Isy0yzLsYW8ywS0jDPZgWGu','avatar5ec3beb04f095.','37c0825deed4023cb9f22d2d46f86647'),(539,'2020-05-23 10:48:52','test13th@gmail.com','Naslams','$2y$10$GvVNQl7tx5eH7Xhff1o5f.MN6V3oxIabIhcBp.lvLyaNlFGloPjCy',NULL,'279def05f2293c2a6248391ae3f6fae0'),(540,'2020-06-11 02:12:33','gorlinvanya93@mail.ru','maiaa','$2y$10$TIOXcdCZcDJ2qQTJdt4RkOmH8NiVjDs5LOJweEa/UIqdEE/eunVSO',NULL,'a061f1bffde3fc8ef9c518c51e3a9ca2'),(541,'2020-06-11 16:01:16','lenkerpechenker@gmail.com','Lenkerson','$2y$10$Ylq8OsX82vQWa1.n0wqwUubcEPU0KsVlrPLK/czGQafgyWEqRpGp2','avatar5ee22b1cb7aea.','25a0ad7487c8a7b74a411af938777512'),(542,'2020-06-22 13:08:12','ivadivan1@gmail.com','123','$2y$10$hIil94zRGVD03l9OQf9JFO0gVWeQ/QsYBneMrD8sJErvyefEqlCou','avatar5ef0830ca3591.','50693a5dfee6a62328d37520d884bd21'),(543,'2020-07-02 00:40:11','mrpatrickalex@gmail.com','test','$2y$10$aOijkvODoMA9dXhg8gqOPOtYpRoJnU/j/0IzETS5VZlSvKLCPmEP.','avatar5efd02bb812c5.','be029e83312eece49a525a26c4665d10'),(544,'2020-07-08 20:17:26','spanchlex@gmail.com','тест','$2y$10$nlwY22UqYE6lmBCbH2NKk.T3NrhYzhrY3XrFxJM4NIKAJZRnI5UA6','avatar5f05ffa646cce.','ccdce1bcd2875e5ef423c50aba4ac5e3'),(545,'2020-08-02 20:47:58','123232233232@mail.ru','1','$2y$10$o36XzOb1pptehW6ICue6ZeXZQ81j3/sD3Vsq/3S9qOHgVZtrFXz8e','avatar5f26fc4e617ad.','2aa29076642ab92374fd6e1f29b4c737'),(546,'2020-08-02 20:48:17','mymymy@mail.ru','ADMINISTRATOR','$2y$10$4Y7lPC4BCeDS89LArZ8iTe//MW5VTqd/89mPTFw3VizUw..xHh906','avatar5f26fc619da58.','e285a56572fbb050b1c67440f543d804'),(547,'2020-08-11 21:24:00','macweb7@gmail.com','max','$2y$10$oJKi3WZVhm8khCC9uDBOmOXVn6Qs7FpnB7iYa2gDj5H49otJ3XW5a','avatar5f32e240bc4bc.','c03d353246c4c1c45b01baa926c270e1'),(548,'2020-08-13 23:30:23','uhgffvd@gmail.com','JerryCHevE','$2y$10$RrXoQrSbc/IKpTRKGqiPC.A8dPSbTBm9HGUtj3YH.f5KHW1/moyZm',NULL,'1c8816474f597ef80f900d0da3e59e6f'),(549,'2020-08-17 11:07:09','fanlore@mail.ru','Коля','$2y$10$cLxfYSpdPVGu17oFzCes/elFYWYzBww87IpwzcpxafiqSAi5kLkt2','avatar5f3a3aad31f59.','111aa21b23939f4f0d1db222f5e10d16'),(550,'2020-08-17 11:08:20','fanlore2@mail.ru','Коля','$2y$10$Kn1GB.572yJ0Y5aeaXZlx.YdWCuNboX52UHwFreLrVL55HEH30Hnu','avatar5f3a3af4c50a4.','44cf5800cf456b4d9d8e915e21377158'),(551,'2020-08-30 02:26:28','gorlina1958@mail.ru','sahaha','$2y$10$zK6CIt6cL5cHVyG3ughZcOXJVCPHGd6WQQj8FahOJr08LPRg58XkG',NULL,'7cdeab58cad5d4663340be2a26704ed8'),(552,'2020-09-04 11:42:16','123456789@mail.ru','nick','$2y$10$PSEgRaU5j42s93f6Mdegs.2cKHrpfwMyrBMvfoYKGEc.fhRc8yBjq','avatar5f51fde86bfa7.','6832136fad81a51ebe9949c9d1a5c9c8'),(553,'2020-09-09 21:13:04','hdgor@mail.ru','rimmfus','$2y$10$QJZ1JFTxMGk8C0Av776CC.ru9HYVBFAlujDxIgqE5J7I.ifk0hbAS',NULL,'4520a79bde676e51cba61390d3a7ad27'),(554,'2020-09-13 08:50:13','dineyt94@gmail.com','Dine','$2y$10$jTlL1uu4KXOGydtBEGBRYes/3865nMOWe2hMJ/RpBJLR8VAqPKCK6','avatar5f5db315ced4e.','2b1bb0ff90e4593fec177ab0e24c021c'),(555,'2020-09-15 11:36:52','tani-dani9@mail.ru','hellodearadminilikeyoursite https://google.com 95574','$2y$10$bwQ/wFfsTLAbNbb0qhR2YOfSIAVizVE5c.uuSNqhplhdOkFDY4/A6',NULL,'78014805c1c4a30c89eb1e994e9d32a8'),(556,'2020-09-15 17:22:48','fear_rulez123@mail.ru','asdфыввй','$2y$10$AiiFTW/2ggMoAiYnFeuquOUvgirZsjGIawXoNJPEzxcQEBF8IBn7y','avatar5f60ce38ce19d.','aca5d953cec810915b4e86248abe3907'),(557,'2020-09-19 10:04:13','brizhevatov@mail.ru','RobertEdids','$2y$10$hbRPbXKEc8Bl75P12NWa4evU1MKdk0pUcKkx6S9G6NbNPkwfNyAi6',NULL,'6db89ec6d3f2fcf3f9f2e267b1626e50'),(558,'2020-09-21 13:38:44','dimavfox@gmail.com','dadadda','$2y$10$axFL92iurQJ3VbUqGg/l.OJhqLDgeTNxLMpxlRdsh2E.WL5Fwp2lu','avatar5f6882b431aaa.','4e60a84e919b253cd9b7cbccbe634c5d'),(559,'2020-09-24 11:04:11','gorl1985@mail.ru','dahar','$2y$10$Sx9IzlX8ZbL31uTIVeGs2.yzRhjkTrPRhFKaNUaNqXFfv8UPMi8uO',NULL,'4b230b7c44554c12b28ff48ebd166889'),(560,'2020-10-05 18:33:00','gali.sel1977@mail.ru','hellodearadminilikeyoursite https://google.com 9208','$2y$10$IarwxcFjRjCxvJf2uZ3uv.CkQdeAhtVlUmGf.ZiYdiGXsx9OxMIkW',NULL,'a9dd62f42c06c66c5736654498b4c946'),(561,'2020-10-13 07:51:41','carli.bejarano@mail.ru','w2TnYwP9zFPn <html><a href=\"https://google.ru\"><img src=\"https://d.radikal.ru/d28/2008/18/24c8109ba1a4.jpg\" width=\"600\" height=\"234\" alt=\"bill\"></a> </html>  6','$2y$10$UwYp73oRa5ZFn05jI5M/VuIGlsTqpdNqKKJ7Mj8BrVC5ndi0eNt6i',NULL,'3fb36ddd00f4557c1c9e8d4bfd215fb4'),(562,'2020-11-01 09:16:44','i.avraamy2@gmail.com','Qqq','$2y$10$GM3kV212Ei30h5JA8GZ9AeODLEhAyKLdVT.tDNalWHJDm6osHNq1q','avatar5f9e52cc589c1.','30b667b6873cfe609a3b356c8a6c3138'),(563,'2020-11-08 06:11:08','66lisa81@mail.ru','rimmfuss','$2y$10$94hy7VD1B/XNXdpwSwxmF.kR1MNn/wCalzEoolEvlbgekSATqPWEa',NULL,'8fad4d98af74e55bd5b9ced99c47fea5'),(564,'2020-11-11 22:25:11','sfikita@mail.ru','GrantCub','$2y$10$ccd/4D67WTZN9eJgJHJ5XuwGO/OLEGBch.N7/lwRaUtC3rNDYw0nm','avatar5fac3a970af85.gif','eae77982ea0cd6c4ab94f87cb75eaf33'),(565,'2020-11-12 10:41:30','evgenykupriyanov919@gmail.com','Машка','$2y$10$q8miRqKBH3Qb/B3UcVHTAuSkiTS7zD5/Up87JYNN.9TK5e1kr8k5y',NULL,'5a2e215626f7fa805d83b1e2b2d51391'),(566,'2020-11-28 17:46:41','gorlin1950@mail.ru','Anthonygoara','$2y$10$oapDsYiHAafx2Zx2ynlDvuTBHdIFm9fuc8YOuDecKFL5.QbymA3Mq',NULL,'bcf9411f3dd2abe658f99d33524c103e'),(567,'2020-12-01 15:11:43','vladshcherbachenia@gmail.com','sdfsdfsdf','$2y$10$oMioB0KTLQCPPCXOPBCIcOXx/5gUi2a7zw.Jz/MlNSLD2bQgf2MKO','avatar5fc632ff9bdf9.','fa6a89ac5da8e0ecba03527fdd32260a'),(568,'2020-12-08 07:05:28','valeriychd7@inbox.ru','1xbet-zerkalo','$2y$10$MbEBwUFLOzQoWmRFAwncC.hC9UF1kY50XAt.vkiRgMlEdT2QWT.yC',NULL,'e0aff5c0d3acc2aebb55d582bdfebd2e'),(569,'2020-12-15 22:37:29','aqfws5t@goposts.site','BrandonBUISE','$2y$10$gPTZQRChitB3xVP6qa3Cl.BIkZVHqMgKKC1q6Jg0ybz77ifc686K.',NULL,'ea552ee682339fceded2b9835eb0d092'),(570,'2020-12-19 07:07:41','gorlina.2006@mail.ru','poliyay','$2y$10$b/oV9GuvdYm5Gfs2kTBh4O2kX9cXb.VPsHJTiMlj6tTZnUsudv0sa',NULL,'0502435c38a8c9fa09433b11f4723cff'),(571,'2020-12-24 03:45:18','dmdyahmoud.ma@swiper.su','Free Dating Site. Meet New People Online: http://bit.do/fL77x <p><a href=\"http://bit.do/fL77x\">CLICK HERE</a></p> <p><a href=\"http://bit.do/fL77x\"><img src=\"https://i.ibb.co/6JGnS7x/Dating-Site-Online.jpg\"></a></p> ?h=e84c36870d68082530bea96951ca5b80&','$2y$10$IInCcJNWya5cQjywGJaZSuD0rv4d4gwmXbfYkLMcePCTw1PWHM.ja',NULL,'a794d9c0fa92dde86b1edde8de4865bd'),(572,'2020-12-27 13:42:33','waggamantitus18157413@gmail.com','XXVJ3RS62SFTBDSTBB27EVXX http://mail.com/008','$2y$10$Rri9JdjKLmrVGuk1bLsMJuI9jfhPaqykeCNMOAPjpnlU.ho76SDPG',NULL,'87f5ac3311fd0de7b0e47f130e1524ca'),(573,'2021-01-01 00:48:15','32galy@mail.ru','poliyay','$2y$10$b5W3otNJnxfr1EpnJqMQsOXFMoJ8z/PGl2cH8LaVTN1jWbZeVySqe',NULL,'2d6ba7d92490e0ccb3af0fb3c2b3bb07'),(574,'2021-01-02 22:31:04','asdsad@assdsa.re','asdasd123','$2y$10$8CdpKbXZXShAv32o2miX.ueJOy/Rg6jvkHTjfHUXi1P6aANLuTTZe','avatar5ff0c9f89620d.','993dff3119b01d2ceaa230d2b336f7b3'),(575,'2021-01-11 14:05:41','sasha@2015.com','sasha2015','$2y$10$PwkVjCWyYc0aJnJpMP5zEOOkbEbLPd7dUmQx5E4nlnUJTkAZRZ7am','avatar5ffc310541710.','f3006be7f3e164211958569276169dc4'),(576,'2021-01-13 20:31:36','shisha71@list.ru','monyya','$2y$10$I.rW3Pj9UbCjaA82omEFd.a7mqMOeH4xx5yRCNMFicASiL68VMEqS',NULL,'2219a743235d1e2791638cc1554d17b9'),(577,'2021-01-19 01:35:23','fjgaly@mail.ru','mmsah','$2y$10$k1tzusKYEu72lVSoc/xvBO9aUyon93UBE23FjDBGNtj1hRh4IED0S',NULL,'ec256d2e77a4bb9e433d2cc12abdac62'),(578,'2021-01-24 18:54:38','sharikasak@mail.ru','Rufusincof','$2y$10$Wc1Z4AdmSkvFo4qpOXTM8OxSqyIJErsuYLjHaGTwfxQWiyRaWKP6O',NULL,'d68d6f03d419f47bc752aefd481874d5'),(579,'2021-01-30 16:46:36','pshalya13@mail.ru','mayahh','$2y$10$Jar14n8AHXhQEzywY2jzUeNAlScoxDMGRhsmlgIeWsFYJ4osWZAK2',NULL,'e176c6f6254cefe132b5f4ad661eb129'),(580,'2021-02-06 13:31:11','adalisoiwa@gmail.com','adalistowa','$2y$10$KUb/KJpWxuCt/N5WA3KdHehQMt7mZtJP7XU2a1JmHqVYjAT9IyxKa','avatar601e6fefbb021.','aa618cf683d5447e972bd4c342b543c9'),(581,'2021-02-09 22:26:27','smsuhka@mail.ru','mayahh','$2y$10$y71s2EDJNRuprOYZWA8isezFJQxsmlFcTJT8iz0qwbmWVCWuxsZqu',NULL,'9dfff41c1aba52384195b8b0adb3889c'),(582,'2021-02-10 00:34:47','maryleedierdre43531958@gmail.com','WIXFCPEX85BJ5GUPLRORFXIW http://google.com/489','$2y$10$7.qCBKMRw5dyFlgPRpwAPOxE/Nex2MrPfPmfo3z7rWpkrlZQ0kJEm',NULL,'aff90ecfdaf66e3c0aadaadbebadb229'),(583,'2021-02-11 11:04:11','1@1.ee','1','$2y$10$y/38sjfpYMd3G0K3tNAnt.AWq/3DoQExF8n6MGDn/beMoQq5CmzkG','avatar6024e4fb37d42.jpg','b8a24f84a617561eac152b1b8ec1a7c4'),(584,'2021-02-26 16:42:36','lessconrolpkopo@mail.com','Daryleloky','$2y$10$uVW1YbBYcl469U4RfCPzZ.vdgLU0WqmA3Kq52SPMas2m8A6NOmqfu',NULL,'729cff240c0f56f0209df029572d154c'),(585,'2021-03-09 01:28:18','anisimovaveronika@mail.com','AlfonsoExelp','$2y$10$67J0cVhPj6x1xE0CNiE7DeHMkmmFaN7YLVK9H0wbIZm2u9G9yxC1y',NULL,'74753ed2c91c95590121fee1b4fae1e5'),(586,'2021-03-18 22:07:26','homertreadwell60399504@gmail.com','YTF8NE3L1O6JT05SG5WOQFTY http://google.com/974','$2y$10$KH8q51G272FEY/mCDvPQkORmz5cLIs1/Ab7euOAlKAJ7kOG7rxGB6',NULL,'66fc2301bbffbe6944c13bf71c3b33d1'),(587,'2021-03-19 09:41:36','prokkha@mail.ru','SSavv','$2y$10$hcH67lNGjgk07aVQzAVwBewcxhF9un.ztLEHu7zLXRKPvoFE8gC3G',NULL,'ed1b3b1dfc817848df2c064fa48d7e91'),(588,'2021-03-22 00:44:55','halustyan@ukr.net','max','$2y$10$mEuSDLKfeQ1TnYV96C1q2uYaG8hQEzJnUSkvLUrQhALv0NQwjLMqC','avatar6057be56e354b.png','1ff64a45233ab1073ba80643fc47bb60'),(589,'2021-03-29 20:57:49','xzkovlol@gmail.com','DFG','$2y$10$BSt22Rnyybmmek2ubM1eYOMba5N43ci.KpmcMNUy7k1oZWJl3WBSq','avatar6062151dd7adf.','0228e237e4b0f4885b878a69d99fada9'),(590,'2021-04-13 18:43:12','mltilki@mail.ru','Isaactaw','$2y$10$xU.EdCyeYoVKsjnlNXCyaeIAXhLp2jPldjIUe/l6BNMkZJpkd9hNS',NULL,'ea5af9b561c2da98bcc053a44da4bd78'),(591,'2021-04-15 23:12:37','ssgsd@fse.esf','111','$2y$10$c9g7uHCB3gDyKtZG5mqNx.MrfpZffYzf.ccTDWyPo5/q3ARSQdhbO','avatar60789e35ac472.','a5702a4f30c160099091e17a258b1e54'),(592,'2021-04-15 23:13:16','teshjgt@test.ru','Sp','$2y$10$oyjphOfd5VGf5XbBfOgSj.rGwU9Q4Sfdhn/XhqEHxXcfXLtwFT.9S','avatar60789e5c49465.','2d6fb08499d0d6adec9841f00a748d67'),(593,'2021-04-16 01:39:52','spamasavut1962@dizaer.ru','TimothyGaida','$2y$10$HCJj.7/tOTG03mNW7nYg4uWcDDOKlYtPc9uz8T702XZ5OpWvyIJpG',NULL,'5a4b4075638e282aa14db001431f2086'),(594,'2021-04-19 10:31:59','vroglina@mail.ru','maygg','$2y$10$a1x3yUYXofoYX8z/k.OPX.RzyK/v9Cq6sRz1.Z1oNrvnLHqItFoUu',NULL,'2c75475ec160b492df83f5c141d029c9'),(595,'2021-04-22 15:34:56','msccomru1@yandex.ua','Indup','$2y$10$pWzh8NlUnNlkIYSmtjpwWOCuDjIYWNtYYBk/kua7Rinn90Cae9KWK',NULL,'eee8833863d599f6c8156b937453105d'),(596,'2021-04-28 18:58:13','valya.mokhina@mail.ru','Isaactaw','$2y$10$xoExFcKR4lxlt65iuziUG.bF4MkhRIfXIdJgvu3Q7wHAPaHxieu3i',NULL,'9e7671f56a50429021ac998a688334c0'),(597,'2021-04-29 12:07:05','griselsaloom1988048@mail.ru','fgfjhkhlkllopp https://google.com dgdgdl#gennic','$2y$10$vx2kAUS8FKwv0Ggk6SS1EO1OzF6lp9Op/Hsz1ht5ipOHqAx2BxEI6',NULL,'87d9f91aac9c7ac49143397924753987'),(598,'2021-04-29 14:26:26','xrumer65@mail.ru','Arronhed','$2y$10$mLlhSKhBW7ekjLcQKfnxBumdKUB.PLhcmIwffRP5nhJqsIxZJAvNi',NULL,'0e23fdc337315c4f066d63f541da7a07'),(599,'2021-05-01 08:46:15','drmax782@gmail.com','55665','$2y$10$By/n7JKyW1PtlQzqJIzwqOvWb3R1Jtm2Vk3U0cYIGGrc3ontNVn.i','avatar608ceb27d1b8a.','e58b7f659925accf3c0422e4d4442280'),(600,'2021-05-11 14:28:47','d.shisha01@mail.ru','Isaactaw','$2y$10$af.kKsVobNuoaS/p3qss7.OUCsG2NB/lq5uDTMz8LdtVq4AceRFkG',NULL,'9b0bb038ef2755cb5253d5475a624a45'),(601,'2021-05-15 08:32:47','mokhina03@inbox.ru','Isaactaw','$2y$10$TVbZGvwaM3za.C86ieLwkOnh9iahEPMiY85EmJLnPwFLLpHTQDepi',NULL,'a5fbfc7be6fa973353bc3485d7defa1c'),(602,'2021-05-20 11:40:21','msccomru@yandex.by','Neify','$2y$10$iKJXfyLaDu6Ch3E52O2Pfun.oZ9dRpYT7jj2C/VVI.FjtZIJXP8Te',NULL,'6a8aaed1eba58dd5895db2e608e173c5'),(603,'2021-05-20 21:53:16','kijikd33333@outlook.com','like https://www.google.com/url zikizo7','$2y$10$pdZTLXRNgi6ukP6FLxtE0.MBcLwM0aBEicRptY4Egw2SS7pClvcvy',NULL,'0ae0c832b846a99251e31e0050a0a275'),(604,'2021-05-21 09:05:31','jacquesrodgers@writeme.com','Oscarboymn','$2y$10$OQdqSqGjSi1jWwmTMLN.6OrXTjyjzWJGynhkXkqcS8Z2BsTz/3XmS',NULL,'b8f55fa8e9a91a9abc226c0a26e8cf54'),(605,'2021-05-22 09:47:05','vilyam0841@mail.ru','Rafaelpooxy','$2y$10$yzrpzUN.bxPMSUh5NLCLseGGVbv5J5Ievs/HPSHwx/qsEHG8qQ8.O',NULL,'e66cf8ad08a4af8c277f7737e4fb6615'),(606,'2021-05-22 10:02:13','arrondesjardins@cheerful.com','SamualLow','$2y$10$Jcj9vbCstgv9zaXYGrqRNO0/LcumxERZHFMS2QGjHjnE.i5NziXMW',NULL,'19aae0e0dd3deae15c14cbbc1a79cf14'),(607,'2021-05-23 09:02:23','arnaldolarochelle@writeme.com','Jerrytom','$2y$10$tIOdiVIlDUeFkzTjDoZ7ee.rIkWafgTPQsxl307OaXNabLfQyyI8C',NULL,'0bbab67b38166801784e1d9273e9b461'),(608,'2021-05-24 12:47:51','trannezomatu@mail.com','Bradleyeluri','$2y$10$WSM62LmCtnXWc0jkgKyFZeFzpppJUg/rMdem5sT.2JXJ1L02IEsYW',NULL,'8529e329a961b4a1d30bd2340a8928ad'),(609,'2021-05-27 20:01:55','elisimush@gmail.com','Anthonythawn','$2y$10$ItbTvk8dNfN10Tsih8A1y.C0Q5hbz5Cc8c/89YdihW5c.Wh2JmoPa','avatar60afd0833b95c.gif','bdb5d9ac96b9df650ddd9aa1fbf5476f'),(610,'2021-05-28 11:00:56','arenaroivanova@gmail.com','ArnoldLef','$2y$10$tF5QmR.KHq4t6j534WfqbOE4lGZP9gmRhNkZcAfGyWWA3InWKCjfO','avatar60b0a338d951e.gif','e54295f9118e0fe10c15c8ef7c197765'),(611,'2021-05-30 18:01:42','norrenttomor1958@dizaer.ru','Leonardvof','$2y$10$IuHp4aYzCQx.z/KMKwFjBu8argBjhh/qCFaA8aX90wfVPyQIi56ee',NULL,'38d2db5d3851f16fbbd83875af6ffd57'),(612,'2021-05-31 21:48:43','ocrazjsyt@wowzilla.online','NancyRok','$2y$10$UJMs6AnY9OA0gxxufVylfebHKlIqChvYog/S0a0D.K/rvmHoTI03q',NULL,'f1332bc29a2c92636a83a9ff9e944895'),(613,'2021-06-09 15:53:23','test_admin@mail.ru','123','$2y$10$kudxeCm9Wubcyxq9uH2cGuFswL0X7xadjtHcPR/2ZbivIfeKY4FAm','avatar60c0b9c35104b.','296e9dc4bba146061eb22209760f87f5'),(614,'2021-06-09 15:53:32','test_admin123@mail.ru','123','$2y$10$aVmEwFKdjaKjP4TjZQPs.OZi89FS9MiROiQWrAoMka0GD1zH49IwO','avatar60c0b9cc60cbf.','fd89561435c18cd225bc760682f79b89'),(615,'2021-06-10 18:04:31','gjproklin@mail.ru','maygg','$2y$10$jhXpLPDBJOga9jTP9JR.IOwiGHqF4zr.xzCQ1dApVxUlPFUsVAgRS',NULL,'cb3898f64f9f6c1fd55fbe3f61b40f29'),(616,'2021-06-11 06:17:06','stymoxitv@wowzilla.online','Francescab','$2y$10$HbeMcAX1exbGhaICdokSneQ8brRVoK.w50yYvhLQ1tIe9akAgbUhC',NULL,'dbb453d869e9ddccdedb472e760eca3e'),(617,'2021-06-14 17:14:18','lenivyjanimator@gmail.com','hjttgy','$2y$10$bnwxkJcSpsr4Df/xMZxN7e2.v1/KLpQQp4IghxpVrEkJKdzQfPjKa','avatar60c76439eceeb.png','5b34d7d1d67f58c15a8c96c9aaaa289f'),(618,'2021-06-15 08:15:44','gboqzkehl@totzilla.ru','Flossiebaite','$2y$10$1V0uGtJ8DfsWUyDt1QsoL.kXHtl7B6h2ZiIg69Pn9TAxzT2BcCuW6',NULL,'de6fdd93de59922a7be0a1e7e13d7428'),(619,'2021-06-17 19:37:40','tchirkasa@yandex.ru','Kequare','$2y$10$CIbs1Ao89khDFwXSd5S0weC5kiTROu/Iu5xmMek3CnPnejzcLMqS2',NULL,'3519af483033476250814c778d054d3a'),(620,'2021-06-19 17:19:01','nik@gmail.com','popip','$2y$10$QwhhEsvpR/PkZOLfmYeivOHHnFSkd.xueIc4rVv6UZuBJ1/DyN/VG','avatar60cdfcd500a6e.png','25bbae086eb3d0abd9f2098cf032a67e'),(621,'2021-06-20 13:31:38','apchromdistobi@mail.com','Donaldavept','$2y$10$l7EXvHKrvDqZIUmheSaI8eyta5vAMt4FG5vNOcK.FKoEDF.IhEHVC',NULL,'3b36275baf15e12a5fee046714accdec'),(622,'2021-06-20 19:05:51','ofconfootiti@mail.com','Williamdew','$2y$10$UMhS2qMxD7qNh605eo4RruRJKLD4fkxu8vDS6IeYGoixQHuvevFse',NULL,'d266b55adac333bae8660cf1fa748fd4'),(623,'2021-06-22 14:00:18','ghpalina@mail.ru','malikк','$2y$10$2hXTIx1NAxwAg6PBqXHmfuhjXgmDwaD33zYEYZ5QD628hF7FDw9E6',NULL,'eabb801705e3b0be7c5acaf804e973cc'),(624,'2021-06-22 18:58:48','keks@htmlacademy.ru','keks','$2y$10$EovmczBw8YcpORCqUZYKS.Uq.6Z1xQbtLB6TsoYwQykSynmml4e5a','avatar60d208b878adc.','efec4894c1086e89354b7cc453eb6b61'),(625,'2021-06-24 04:10:40','dosphighssiscentma@mail.com','Doylecek','$2y$10$qVXVtndcKuW0Z53hfNXkAuXWVi8GU4XHOL9pdEu5auL7JT2TQcJge',NULL,'477d486a27dfd1b077a9ff5df4f12898'),(626,'2021-06-24 09:32:07','epmeypranafin@mail.com','Jimmyslake','$2y$10$ZBgyQ5vzinWb6gD85Wc3W.hAs2PK4b59AY5Ht3cFCsD1ANzJKoWm2',NULL,'074bcd6f13c470251a045125d3b6adb3'),(627,'2021-06-29 09:45:37','jenifer15673@gmail.com','Susannox','$2y$10$l1Rf/lh9iAWefzASBlOk9e625zpPNy8rrW//74T44bz5thfd5Q4r2','avatar60dac191d627f.gif','19427541c0d2a3454ebe9a6a0f29bee3'),(628,'2021-07-08 18:08:40','malika.glokina@mail.ru','aniia','$2y$10$SX9EsvTlxDhihdOp/4E2fe9kBmx.mAr4Ye4vp7aKZ9xABZCpnVoV2',NULL,'bf4f63b5b561224883cf62d393741866'),(629,'2021-07-19 20:54:41','glukhin03@mail.ru','Terrytiest','$2y$10$9ck.MhrSwyQZiJoVE0Vq0uatzIxB7G5XcauNNpqul21e1GUgJ0o06',NULL,'e8a0a0d991536d056a3bcd18e7098af4'),(630,'2021-07-19 21:46:06','gdmaha@mail.ru','Isaactaw','$2y$10$Lor7x9LIUlZkYJeotOJ/EuqE2pIaRkL2QBIYwjSu9FNrC2IXFser.',NULL,'96f57b90fe6893a407cf0babfa37dea7'),(631,'2021-07-22 15:48:48','gzajjbdee@totzilla.ru','KelseyRet','$2y$10$8iwx4.oxXG.lFGPlroKQ6urcGEP3a4gl7wxpCOdEjuRGD5McNfr0e',NULL,'ba4f22ce1b3872b30596af9c0751b7c5'),(632,'2021-07-29 20:55:47','clfrbnikb@totzilla.online','NancyTak','$2y$10$zS72smss6E9Nnv9SSdQasObaLCQm5615QbcdgS/DBTGX9nR2b03UC',NULL,'b5e56d7ae51585860715a8ba2eb402c5');
/*!40000 ALTER TABLE `users` ENABLE KEYS */;
UNLOCK TABLES;
/*!40103 SET TIME_ZONE=@OLD_TIME_ZONE */;

/*!40101 SET SQL_MODE=@OLD_SQL_MODE */;
/*!40014 SET FOREIGN_KEY_CHECKS=@OLD_FOREIGN_KEY_CHECKS */;
/*!40014 SET UNIQUE_CHECKS=@OLD_UNIQUE_CHECKS */;
/*!40101 SET CHARACTER_SET_CLIENT=@OLD_CHARACTER_SET_CLIENT */;
/*!40101 SET CHARACTER_SET_RESULTS=@OLD_CHARACTER_SET_RESULTS */;
/*!40101 SET COLLATION_CONNECTION=@OLD_COLLATION_CONNECTION */;
/*!40111 SET SQL_NOTES=@OLD_SQL_NOTES */;

-- Dump completed on 2021-08-04 16:20:54
